Year,Country, Adults (Thousands), Mean Wealth per Adult, Median Wealth per Adult, Adults % under 10000, Adults % between 10000-100k, Adults % between 100k-1M, Adults % over 1M, Total, Gini %
2020,Afghanistan,18356,1744,734,97.6,2.4,0.1,0,100,72.8
2020,Albania,2187,30524,15363,41,54.2,4.7,0.1,100,68.2
2020,Algeria,27620,8871,2302,87,11.7,1.2,0.1,100,84.8
2020,Angola,14339,3529,1131,93.5,6.2,0.2,0,100,80.6
2020,Argentina,30799,7224,2157,88.2,11.2,0.6,0,100,81.2
2020,Armenia,2176,22573,9411,52.3,44,3.5,0.1,100,73
2020,Australia,19159,483755,238072,9.8,20.7,60,9.4,100,65.6
2020,Austria,7271,290348,91833,14.2,36.9,44.1,4.8,100,73.5
2020,Azerbaijan,7155,11926,5022,73.5,25.2,1.3,0,100,72.7
2020,Bahamas,278,56737,7507,54,39.7,5.7,0.6,100,91.4
2020,Bahrain,1318,87559,14520,45,48,6.1,0.9,100,88.9
2020,Bangladesh,106060,7837,3062,84.6,14.6,0.7,0,100,75.2
2020,Barbados,221,63261,21071,41,46,12.4,0.6,100,80.4
2020,Belarus,7367,23278,12168,45.9,51.3,2.8,0.1,100,66.7
2020,Belgium,8993,351327,230548,11.9,20.1,62.3,5.7,100,60.3
2020,Belize,245,10364,3015,82,16.6,1.4,0,100,83.4
2020,Benin,5839,2558,890,95.6,4.3,0.1,0,100,78.2
2020,Bolivia,7088,12286,3804,78.1,20.5,1.3,0.1,100,81
2020,Bosnia and Herzegovina,2637,30597,15283,41,54.1,4.8,0.1,100,68.6
2020,Botswana,1358,15598,3680,80,16.8,3.1,0.1,100,87.3
2020,Brazil,153307,18272,3469,79.5,17.5,2.8,0.1,100,89
2020,British Caribbean,567,45109,14684,44,47.7,7.9,0.4,100,80.8
2020,Brunei,309,39098,5122,64,32.1,3.5,0.4,100,91.6
2020,Bulgaria,5586,36443,17403,38.7,54.9,6.2,0.2,100,70.1
2020,Burkina Faso,9480,1681,622,98,1.9,0.1,0,100,76.8
2020,Burundi,5381,728,281,99.5,0.5,0,0,100,75.1
2020,Cambodia,10180,5895,2031,90.7,8.7,0.6,0,100,78.7
2020,Cameroon,12716,3042,941,94.3,5.5,0.2,0,100,81.6
2020,Canada,29934,332323,125688,20.7,25.1,48.6,5.6,100,71.9
2020,Central African Republic,2161,840,212,98.8,1.2,0,0,100,85.9
2020,Chad,7059,1117,355,98.7,1.3,0.1,0,100,80.6
2020,Chile,14259,53591,17747,39.1,51.6,8.8,0.5,100,79.7
2020,China,1104956,67771,24067,20.9,66.1,12.5,0.5,100,70.4
2020,Colombia,35612,16928,4854,72,25.4,2.5,0.1,100,82.7
2020,Comoros,447,5397,1466,91.5,7.9,0.6,0,100,84.8
2020,Congo Dem. Rep.,39740,1240,356,98.3,1.6,0.1,0,100,83.2
2020,Congo Rep.,2707,2180,582,95.6,4.2,0.1,0,100,84.7
2020,Costa Rica,3696,44337,14662,44,47.4,8.4,0.3,100,79.9
2020,Croatia,3303,69140,34945,27,57,15.5,0.5,100,68.5
2020,Cyprus,679,142304,35300,23,57,18.3,1.7,100,80.7
2020,Czechia,8528,78103,23794,29.6,55.7,14,0.7,100,77.7
2020,Denmark,4557,376069,165622,15.4,25.4,52.5,6.7,100,73.6
2020,Djibouti,618,3112,1077,94,6,0,0,100,78.8
2020,Dutch Caribbean,258,40909,16810,40,52.7,7.1,0.2,100,69.1
2020,Ecuador,11361,17151,5444,69.9,27.9,2.1,0.1,100,80.8
2020,Egypt,59547,19468,6329,66.5,30.7,2.6,0.1,100,79.2
2020,El Salvador,4201,34003,11372,47.6,46,6.2,0.2,100,79.1
2020,Equatorial Guinea,776,18246,4561,77,18.8,4.1,0.1,100,86.3
2020,Eritrea,1728,2846,1086,95.2,4.7,0.1,0,100,75.7
2020,Estonia,1044,77817,38901,30.5,53.5,15.3,0.7,100,73.8
2020,Ethiopia,57104,3540,1527,94.4,5.4,0.2,0,100,71.1
2020,Fiji,564,15708,5764,69,28.3,2.6,0.1,100,77.4
2020,Finland,4373,167711,73775,27.8,35.2,35.1,1.9,100,74
2020,France,49967,299355,133559,14.8,27,53.3,4.9,100,70
2020,French Caribbean,631,68443,23740,36,44,19.5,0.5,100,73.8
2020,Gabon,1216,13696,4685,74,24.5,1.4,0.1,100,79.3
2020,Gambia,1115,2500,658,94.9,4.9,0.2,0,100,84.9
2020,Georgia,2959,14162,4223,77.7,20.7,1.5,0.1,100,81.3
2020,Germany,68015,268681,65374,10.6,45.2,39.8,4.3,100,77.9
2020,Ghana,16617,6132,2198,88.5,11.1,0.4,0,100,77.5
2020,Greece,8462,104603,57595,22.1,49.3,27.7,0.9,100,65.7
2020,Guinea,6078,2942,938,94.5,5.4,0.2,0,100,80.8
2020,Guinea-Bissau,949,1828,670,97,3,0,0,100,77.6
2020,Guyana,497,12280,4637,74,24.6,1.4,0,100,76.5
2020,Haiti,6621,767,193,99.2,0.7,0,0,100,85.2
2020,Hong Kong,6292,503335,173768,13.7,23.7,54.3,8.3,100,74.6
2020,Hungary,7769,53664,24126,21.4,67.6,10.7,0.3,100,66.5
2020,Iceland,255,337787,231462,6,18,70.7,5.3,100,50.9
2020,India,900443,14252,3194,77.2,21.1,1.7,0.1,100,82.3
2020,Indonesia,180782,17693,4693,67.2,30.8,1.9,0.1,100,77.7
2020,Iran,57987,22249,7621,59.1,37.1,3.7,0.1,100,78.6
2020,Iraq,21247,14506,6378,68.3,30.1,1.6,0.1,100,71
2020,Ireland,3619,266153,99028,30.8,19.7,44.5,5,100,80
2020,Israel,5626,228268,80315,15.8,41.2,40.1,2.9,100,73.4
2020,Italy,49746,239244,118885,15.5,30.1,51.4,3,100,66.5
2020,Jamaica,2041,19893,5976,66.7,30.3,2.9,0.1,100,82
2020,Japan,104953,256596,122980,11,32.6,52.9,3.5,100,64.4
2020,Jordan,5866,28316,10842,48.3,47.1,4.5,0.2,100,75.9
2020,Kazakhstan,12226,33463,12029,46.3,49.3,4.2,0.2,100,76.4
2020,Kenya,27473,12313,3683,79.6,18.8,1.5,0.1,100,82.2
2020,Korea,42490,211369,89671,14.8,38.3,44.4,2.5,100,67.6
2020,Kuwait,3146,129890,28698,42.8,44,10.7,2.5,100,86.5
2020,Kyrgyzstan,3927,5816,2238,89.7,9.8,0.5,0,100,75.7
2020,Laos,4288,7379,1610,91.6,7,1.3,0,100,87.9
2020,Latvia,1477,70454,33884,36,50.5,12.7,0.8,100,80.9
2020,Lebanon,4548,55007,18159,40.6,50.5,8.4,0.5,100,79.7
2020,Lesotho,1243,1226,264,97.8,2.2,0.1,0,100,88.6
2020,Liberia,2502,4453,1464,91.9,7.8,0.3,0,100,80.1
2020,Libya,4440,17198,6512,67,31,1.9,0.1,100,76
2020,Lithuania,2166,63500,29679,29.3,58,12.2,0.5,100,71
2020,Luxembourg,498,477306,259899,13,19,59.2,8.8,100,67
2020,Madagascar,13812,1962,666,96.9,3,0.1,0,100,79.3
2020,Malawi,8887,2045,606,96.2,3.7,0.1,0,100,82.4
2020,Malaysia,22315,29287,8583,55,41.1,3.7,0.2,100,82.9
2020,Maldives,409,25511,8519,56,39.3,4.5,0.2,100,79.8
2020,Mali,8625,2424,869,96,3.9,0.1,0,100,77.6
2020,Malta,358,148934,84390,13,45,40.6,1.4,100,61.7
2020,Mauritania,2370,2788,1037,95.2,4.7,0.1,0,100,76.3
2020,Mauritius,968,63372,27456,31,56,12.5,0.5,100,72.1
2020,Melanesia,711,31106,12183,46,48.6,5.2,0.2,100,75.8
2020,Mexico,85136,42689,13752,44.7,46.9,8.1,0.3,100,80.5
2020,Micronesia,341,13193,4876,74,23.9,2.1,0,100,77.9
2020,Moldova,3188,15491,7577,61.8,36.5,1.7,0,100,69.4
2020,Mongolia,2053,6324,2546,88,11.5,0.5,0,100,74.4
2020,Montenegro,476,60310,30739,29,57,13.6,0.4,100,68.4
2020,Morocco,24654,13459,3874,78.4,19.7,1.9,0.1,100,81.9
2020,Mozambique,14186,1003,345,98.9,1,0.1,0,100,79.1
2020,Myanmar,35734,5025,2458,91.7,8,0.3,0,100,67
2020,Namibia,1375,15294,3677,80.5,16.4,3,0.1,100,86.6
2020,Nepal,17887,4056,1437,93.3,6.3,0.3,0,100,78.1
2020,Netherlands,13462,377092,136105,13.6,29.4,49.3,7.7,100,75.3
2020,New Zealand,3600,348198,171624,21.2,20,52.5,6.3,100,69.9
2020,Nicaragua,4107,12239,3694,78.2,20.5,1.3,0.1,100,81
2020,Niger,9739,1287,492,98.7,1.3,0.1,0,100,75.6
2020,Nigeria,95931,6451,1474,91.7,7.6,0.7,0,100,85.8
2020,Norway,4184,275880,117798,28,19,48.8,4.2,100,78.5
2020,Oman,3765,39434,9886,50.5,43.1,6,0.4,100,86.7
2020,Pakistan,123522,5258,2187,90.5,9.2,0.4,0,100,73.2
2020,Panama,2843,43979,13147,45.3,46.6,7.8,0.3,100,82.5
2020,Papua New Guinea,4941,6710,1790,91.3,7.7,1,0,100,84.3
2020,Paraguay,4454,11962,3644,78.8,19.9,1.2,0.1,100,81.6
2020,Peru,22530,17017,5445,70.4,27.4,2.1,0.1,100,80.1
2020,Philippines,66960,15290,3155,83.1,14.8,2,0.1,100,86.9
2020,Poland,30315,67477,23550,19.8,64.8,14.9,0.5,100,70.7
2020,Polynesia,423,37998,14076,44,49.3,6.4,0.3,100,77.9
2020,Portugal,8339,142537,61306,23.2,45.1,30,1.6,100,70.5
2020,Qatar,2396,146730,83680,12,45.3,41.7,1,100,58.1
2020,Romania,15208,50009,23675,32.1,58.5,9.1,0.3,100,70.1
2020,Russia,111845,27162,5431,72.8,23.8,3.1,0.2,100,87.8
2020,Rwanda,6581,4188,1266,92.8,6.9,0.3,0,100,81.9
2020,Sao Tome and Principe,104,4029,1702,92.4,7.3,0.2,0,100,73.1
2020,Saudi Arabia,24186,68697,15495,46.4,44.4,8.2,1,100,86.7
2020,Senegal,7975,4702,1570,91.4,8.3,0.3,0,100,79.7
2020,Serbia,5480,31705,14954,41.7,52.9,5.3,0.1,100,70.6
2020,Seychelles,69,63427,24651,36,51,12.5,0.5,100,75.9
2020,Sierra Leone,3937,995,370,99,0.9,0,0,100,76.7
2020,Singapore,4887,332995,86717,16.2,38.6,39.7,5.5,100,78.3
2020,Slovakia,4346,68059,45853,11.6,69.8,18.4,0.2,100,50.3
2020,Slovenia,1672,120173,67961,18,53,28.2,0.8,100,67.1
2020,South Africa,37590,20308,4523,75.8,20.2,3.9,0.2,100,88
2020,Spain,37798,227122,105831,16.7,31.6,48.6,3,100,69.2
2020,Sri Lanka,14732,23832,8802,54.3,42,3.7,0.1,100,76.8
2020,Sudan,21941,1014,383,99,0.9,0.1,0,100,75.9
2020,Suriname,382,5644,1349,91.2,8.1,0.7,0,100,87.1
2020,Sweden,7794,336166,89846,34,18.4,40.3,7.3,100,87.2
2020,Switzerland,6958,673962,146733,11.9,33.7,39.6,14.9,100,78.1
2020,Syria,10811,2197,807,96.3,3.6,0.1,0,100,77.2
2020,Taiwan,19633,238862,93044,13.9,38.6,44.4,3.1,100,70.8
2020,Tajikistan,5227,4390,1844,92.4,7.3,0.3,0,100,73.1
2020,Tanzania,27744,3647,1433,93.7,6.1,0.2,0,100,74.5
2020,Thailand,54054,25292,8036,55.5,41.9,2.5,0.2,100,77.1
2020,Timor-Leste,689,5185,2838,91.4,8.3,0.3,0,100,62.6
2020,Togo,4084,1484,468,98,2,0.1,0,100,81.2
2020,Trinidad and Tobago,1032,44182,15649,42.5,49,8.2,0.3,100,78
2020,Tunisia,8207,17550,6177,67.4,30.2,2.3,0.1,100,77.8
2020,Turkey,57768,27466,8001,57.6,38.8,3.4,0.2,100,81.8
2020,Turkmenistan,3722,20328,9030,54,43.2,2.7,0.1,100,70.6
2020,Uganda,19830,1994,646,96.6,3.3,0.1,0,100,80.4
2020,Ukraine,34639,13104,2529,79.1,19.5,1.3,0.1,100,84.4
2020,United Arab Emirates,8053,115476,21613,45.1,46,6.8,2.1,100,88.8
2020,United Kingdom,52568,290754,131522,18,27.8,49.5,4.7,100,71.7
2020,United States,249969,505421,79274,26.3,28.5,36.4,8.8,100,85
2020,Uruguay,2530,60914,22088,37,51.3,11.2,0.4,100,77.2
2020,Venezuela,18359,21040,7341,60.5,36.8,2.5,0.1,100,78.1
2020,Vietnam,68565,14075,4559,76.3,21.9,1.8,0.1,100,80.2
2020,Yemen,15281,5581,1223,93,6.2,0.8,0,100,88
2020,Zambia,8331,3068,692,94.3,5.5,0.2,0,100,87.7
2020,Zimbabwe,7086,7131,2356,86.9,12.5,0.6,0,100,79.8
2019,Afghanistan,16838,1463,640,98.6,1.4,0,0,100,65.5
2019,Albania,2225,31366,14731,38,57.9,3.9,0.1,100,63.7
2019,Algeria,26983,9348,3267,78.7,20.4,0.9,0,100,74.9
2019,Angola,13403,3649,1370,94,5.8,0.2,0,100,73.1
2019,Antigua and Barbuda,71,24964,6961,61,35.2,3.6,0.2,100,82.3
2019,Argentina,30320,10256,3164,81.2,17.8,0.9,0.1,100,76.8
2019,Armenia,2177,19517,8309,55,42.7,2.2,0.1,100,66.3
2019,Aruba,80,58033,21750,30,58,11.6,0.4,100,70.3
2019,Australia,18655,386058,181361,6.7,27.6,59.4,6.3,100,65.6
2019,Austria,7092,274919,94070,22.9,28.3,44.5,4.4,100,73.9
2019,Azerbaijan,6997,11865,5150,70.1,28.8,1,0,100,65.4
2019,Bahamas,292,76507,20129,39,46,14.1,0.9,100,82.8
2019,Bahrain,1219,87108,30946,29.5,50.5,19.1,0.9,100,74.7
2019,Bangladesh,104872,6643,2787,84.6,14.9,0.4,0,100,67.8
2019,Barbados,214,64658,20497,37,50,12.4,0.6,100,77.8
2019,Belarus,7390,16590,7931,56.5,42,1.4,0,100,62.1
2019,Belgium,8913,246135,117093,0,45.1,51.8,3.1,100,60.3
2019,Belize,228,10864,3166,78,20.7,1.2,0.1,100,80.3
2019,Benin,5475,2166,845,97.2,2.7,0.1,0,100,70.7
2019,Bolivia,6678,11672,3843,76.1,22.6,1.2,0.1,100,76.4
2019,Bosnia and Herzegovina,2815,27873,13037,42,54.5,3.4,0.1,100,64.2
2019,Botswana,1409,14684,4550,73,24.8,2.1,0.1,100,80
2019,Brazil,150089,23550,5031,70.2,27.1,2.5,0.2,100,84.9
2019,Brunei,304,44541,13634,44,49.6,6,0.4,100,78.7
2019,Bulgaria,5697,42686,18948,32.2,61.2,6.4,0.2,100,65.9
2019,Burkina Faso,8862,1440,589,98.6,1.4,0,0,100,68.8
2019,Burundi,5131,609,250,99.6,0.4,0,0,100,68.1
2019,Cambodia,9797,5395,2029,90.5,9.1,0.4,0,100,71.8
2019,Cameroon,11754,2840,1036,95.5,4.3,0.2,0,100,74.3
2019,Canada,29136,294255,107004,20.4,28.4,46.7,4.5,100,72.8
2019,Central African Republic,2183,749,244,99.3,0.7,0,0,100,77.7
2019,Chad,6551,1167,435,98.8,1.1,0,0,100,73
2019,Chile,13331,56972,19231,38.6,52.4,8.6,0.5,100,79.8
2019,China,1090231,58544,20942,24.6,65,10,0.4,100,70.2
2019,Colombia,34254,16411,5325,68.3,29.7,1.9,0.1,100,77
2019,Comoros,423,5155,1679,91.5,8.1,0.4,0,100,78.3
2019,Congo Dem. Rep.,37100,1084,382,98.8,1.1,0,0,100,75.5
2019,Congo Rep.,2618,2701,913,95.6,4.2,0.2,0,100,76.9
2019,Costa Rica,3547,33683,11793,46.3,48.6,4.9,0.2,100,75
2019,Croatia,3329,62804,29183,20,66.8,12.9,0.4,100,64.5
2019,Cyprus,918,116207,28803,24,59,15.7,1.3,100,80.1
2019,Czech Republic,8509,64663,20854,23.3,66.9,9.3,0.5,100,72.5
2019,Denmark,4475,284022,58784,35.8,20.6,38.3,5.3,100,83.8
2019,Djibouti,583,2936,1120,95.4,4.4,0.1,0,100,72.9
2019,Dominica,55,33306,9447,52,42.8,4.9,0.3,100,82.3
2019,Ecuador,10725,19144,6399,62.9,34.7,2.2,0.1,100,75.9
2019,Egypt,58309,15395,4900,71.4,26.9,1.6,0.1,100,75.6
2019,El Salvador,4087,29870,10148,49.6,46.1,4.1,0.2,100,74.3
2019,Equatorial Guinea,724,17559,5545,70,27.2,2.7,0.1,100,79.3
2019,Eritrea,2526,4134,1910,92.3,7.5,0.2,0,100,62.1
2019,Estonia,1028,78458,24915,23.5,61,14.8,0.7,100,71.6
2019,Ethiopia,52970,3085,1360,96.1,3.7,0.1,0,100,62
2019,Fiji,580,15598,6126,64,34.2,1.7,0.1,100,70.2
2019,Finland,4341,183124,55532,19,43.8,34.8,2.4,100,74.2
2019,France,49722,276121,101942,14,35.5,46.3,4.2,100,69.6
2019,Gabon,1149,15113,6035,66,32.4,1.6,0.1,100,71.9
2019,Gambia,969,2141,694,96.6,3.3,0.1,0,100,77.1
2019,Georgia,2932,12609,5226,70,28.7,1.2,0,100,68.7
2019,Germany,67668,216654,35313,40.6,21,35.2,3.2,100,81.6
2019,Ghana,15377,4292,1706,92.5,7.2,0.2,0,100,69.9
2019,Greece,9021,96110,40000,14.3,61.3,23.6,0.8,100,65.4
2019,Grenada,71,45272,12218,46,47.3,6.2,0.5,100,82.7
2019,Guinea,6268,2185,802,96.9,3,0.1,0,100,74.1
2019,Guinea-Bissau,936,1647,655,98.1,1.8,0.1,0,100,71.2
2019,Guyana,482,11349,3829,76,22.9,1,0.1,100,73.4
2019,Haiti,6426,723,214,99.3,0.7,0,0,100,80.1
2019,Hong Kong SAR,6267,489258,146887,13,29.3,49.5,8.2,100,77.7
2019,Hungary,7803,44321,17666,33.6,58.8,7.3,0.2,100,66.3
2019,Iceland,250,380868,165961,16,23,54.5,6.5,100,69.4
2019,India,865783,14569,3042,78.2,20,1.7,0.1,100,83.2
2019,Indonesia,172908,10545,1977,81.6,17.3,1,0.1,100,83.3
2019,Iran,57686,13437,5254,68.8,29.7,1.4,0,100,70.5
2019,Iraq,19788,16540,7331,58.9,39.5,1.6,0.1,100,63.3
2019,Ireland,3491,272310,104842,25.8,23.3,46.5,4.5,100,79.6
2019,Israel,5499,196568,58066,18,46.2,33.5,2.4,100,77.7
2019,Italy,48509,234139,91889,5.8,46.2,44.9,3.1,100,66.9
2019,Jamaica,2002,20878,6798,61,36.2,2.6,0.1,100,77.5
2019,Japan,104963,238104,110408,4.6,42.6,49.9,2.9,100,62.6
2019,Jordan,5512,26475,10947,47.8,48.8,3.3,0.1,100,69.6
2019,Kazakhstan,12147,26317,6642,61.8,34.6,3.4,0.2,100,77.2
2019,Kenya,25384,9791,3553,77.5,21.5,0.9,0,100,74.5
2019,Korea,41721,175015,72198,0,66.9,31.3,1.8,100,60.6
2019,Kuwait,3086,131269,46218,29.3,44.2,24.5,2,100,76.3
2019,Kyrgyzstan,3721,5758,2412,88,11.6,0.4,0,100,68.1
2019,Laos,4042,6720,2002,87.2,12,0.7,0,100,79.4
2019,Latvia,1536,60347,13348,44,45,10.4,0.6,100,78.9
2019,Lebanon,4205,55226,12198,45.2,46,8.2,0.5,100,81.9
2019,Lesotho,1233,1313,384,98.1,1.9,0.1,0,100,80.5
2019,Liberia,2350,2169,820,97.1,2.8,0.1,0,100,72.7
2019,Libya,4169,19473,8330,55.2,42.7,2,0.1,100,65.9
2019,Lithuania,2296,50254,22261,28,63.6,8.1,0.3,100,66.3
2019,Luxembourg,461,358003,139789,0,40,55.1,4.9,100,67
2019,Madagascar,12909,1610,626,98.1,1.8,0.1,0,100,72.2
2019,Malawi,8798,1313,468,98.4,1.5,0.1,0,100,75.1
2019,Malaysia,21823,31270,8940,53.4,42.7,3.7,0.2,100,79.6
2019,Maldives,315,23297,8555,54,42.8,3.1,0.1,100,72.4
2019,Mali,8088,1955,773,97.6,2.3,0.1,0,100,70.7
2019,Malta,349,143566,76016,14,48,36.7,1.3,100,64
2019,Mauritania,2310,2397,976,97,2.9,0.1,0,100,68.1
2019,Mauritius,951,50796,20875,30,60,9.7,0.3,100,66.2
2019,Mexico,85594,31553,9944,50.2,45.2,4.4,0.2,100,77.7
2019,Moldova,3193,12804,5855,66.2,32.6,1.1,0,100,64.5
2019,Mongolia,1986,6135,2654,86.5,13.1,0.4,0,100,66.8
2019,Montenegro,477,53484,24242,25,65,9.7,0.3,100,64.8
2019,Morocco,23613,12929,4010,75.5,23.1,1.3,0.1,100,76.6
2019,Mozambique,13814,880,352,99.3,0.7,0,0,100,71.6
2019,Myanmar,34915,3323,1556,96.1,3.8,0.1,0,100,59.7
2019,Namibia,1395,17220,5502,69.5,27.8,2.7,0.1,100,78.8
2019,Nepal,17585,3870,1510,94,5.8,0.2,0,100,71
2019,Netherlands,13326,279077,31057,45.1,13.4,35.3,6.2,100,90.2
2019,New Zealand,3525,304124,116437,9.3,36.8,48.8,5.2,100,67.2
2019,Nicaragua,3937,9279,3005,80.5,18.6,0.9,0,100,75.9
2019,Niger,8909,1126,463,99.1,0.9,0,0,100,68.2
2019,Nigeria,90731,4881,1249,92.9,6.7,0.4,0,100,80.9
2019,Norway,4100,267348,70627,28.2,27,40.8,4,100,79.8
2019,Oman,3608,43291,14723,43.2,50.2,6.2,0.3,100,78.6
2019,Pakistan,113388,4098,1766,93.4,6.4,0.2,0,100,66.5
2019,Panama,2711,39980,13259,44.7,48.9,6.1,0.3,100,78
2019,Papua New Guinea,4611,6485,2120,87.2,12.2,0.6,0,100,76.6
2019,Paraguay,4268,11865,3887,75.6,23.1,1.2,0.1,100,76.8
2019,Peru,21132,17843,4989,71.2,26.8,1.9,0.1,100,78.8
2019,Philippines,63365,12063,2618,84.1,14.7,1.1,0.1,100,83.7
2019,Poland,30598,57873,22600,26.8,62.6,10.2,0.4,100,67.7
2019,Portugal,8373,131088,44025,14.7,54.7,29.3,1.4,100,69.2
2019,Qatar,2223,147745,69671,10.7,49.7,38.4,1.3,100,63.3
2019,Romania,15517,43074,19582,29.8,62.9,7.2,0.2,100,64.7
2019,Russia,111481,27381,3683,79.1,18.1,2.7,0.2,100,87.9
2019,Rwanda,6313,3435,1259,94.4,5.4,0.2,0,100,74.2
2019,Samoa,106,37066,13286,44,50.2,5.5,0.3,100,74.7
2019,Sao Tome and Principe,98,3654,1545,94.3,5.5,0.2,0,100,67.4
2019,Saudi Arabia,23208,67032,16599,41.4,47.8,10.2,0.6,100,83.4
2019,Senegal,7763,4265,1632,92.6,7.2,0.2,0,100,72.6
2019,Serbia,6798,25046,10737,47.9,48.7,3.3,0.1,100,67.6
2019,Seychelles,68,57835,22572,33,54,12.6,0.4,100,70.4
2019,Sierra Leone,3698,693,278,99.5,0.4,0,0,100,69.4
2019,Singapore,4637,297873,96967,14,36.6,44.9,4.5,100,75.7
2019,Slovakia,4340,66171,40432,0,83.2,16.6,0.2,100,49.8
2019,Slovenia,1675,122508,50380,4.5,66,28.6,0.9,100,66.2
2019,Solomon Islands,321,12933,5260,71,27.6,1.4,0,100,70
2019,South Africa,36027,21380,6476,64.6,32.2,3.1,0.1,100,80.6
2019,Spain,37450,207531,95360,16.9,34.5,45.9,2.6,100,69.4
2019,Sri Lanka,14408,20628,8283,55.1,42.1,2.7,0.1,100,70
2019,St. Lucia,133,36586,13418,43,51.4,5.3,0.3,100,72.8
2019,St. Vincent and the Grenadines,75,20088,5508,68,29,2.8,0.2,100,81.8
2019,Sudan,20474,534,218,99.7,0.3,0,0,100,68.7
2019,Suriname,373,6089,1562,90.2,9.1,0.7,0,100,83.2
2019,Sweden,7723,265260,41582,35.8,28.9,30.5,4.8,100,86.7
2019,Switzerland,6866,564653,227891,13,20.7,54.5,11.8,100,70.5
2019,Syria,9664,2179,884,97.1,2.8,0.1,0,100,69.9
2019,Taiwan (Chinese Taipei),19296,210525,70191,15.4,43.5,38.3,2.7,100,75.1
2019,Tajikistan,5118,3602,1589,94.8,5.1,0.2,0,100,65.6
2019,Tanzania,26837,3069,1282,95.7,4.1,0.1,0,100,66.1
2019,Thailand,53073,21854,3726,71.1,26.6,2.2,0.2,100,84.6
2019,Timor-Leste,602,5143,2453,91.6,8.1,0.2,0,100,56.5
2019,Togo,3909,1241,469,98.7,1.3,0,0,100,73.4
2019,Tonga,59,47889,19709,33,57.8,8.9,0.3,100,68.2
2019,Trinidad and Tobago,1006,41094,14888,41,52.2,6.5,0.3,100,73.2
2019,Tunisia,8111,13853,5395,68.6,30,1.4,0,100,70.5
2019,Turkey,55543,24398,6568,62.3,34.8,2.7,0.2,100,79.4
2019,Turkmenistan,3607,15691,6974,60.3,38.3,1.4,0,100,63
2019,Uganda,18650,1603,612,98.1,1.9,0.1,0,100,72.9
2019,Ukraine,34998,8792,1223,88.8,10.4,0.8,0.1,100,84.7
2019,United Arab Emirates,7874,117060,35315,32.5,44.8,21.2,1.6,100,79.6
2019,United Kingdom,51209,280049,97452,17.4,33,44.8,4.8,100,74.6
2019,United States,245140,432365,65904,26.9,31,34.5,7.6,100,85.2
2019,Uruguay,2501,30320,11084,47.7,48.2,4,0.2,100,72.1
2019,Vanuatu,157,15090,6098,64,34.4,1.5,0.1,100,68.8
2019,Venezuela,20912,1,0,100,0,0,0,100,74.3
2019,Vietnam,68085,11712,3679,78,20.8,1.1,0.1,100,76.1
2019,Yemen,14580,4926,1467,93.3,6.3,0.5,0,100,79.8
2019,Zambia,7926,2565,784,95.7,4.1,0.2,0,100,79.8
2019,Zimbabwe,8340,4734,1843,90.8,8.9,0.3,0,100,71.9
2018,Afghanistan,16245,643,290,99.6,0.4,0,0,100,64.4
2018,Albania,2201,16957,8157,56,42.4,1.6,0,100,62.9
2018,Algeria,26565,9077,3175,79.1,19.9,1,0,100,75.8
2018,Angola,12934,7921,3175,79.9,19.5,0.6,0,100,71.5
2018,Antigua and Barbuda,70,19497,4712,73,23.9,2.9,0.2,100,83.8
2018,Argentina,29953,11530,3176,80.9,17.9,1.1,0.1,100,79.2
2018,Armenia,2175,7583,3391,80.7,18.8,0.5,0,100,64.5
2018,Aruba,79,45612,14901,40,50,9.7,0.3,100,73
2018,Australia,18433,411060,191453,6.1,27.1,59.9,7,100,65.8
2018,Austria,7075,231368,70074,25.2,30.4,41.1,3.2,100,76.4
2018,Azerbaijan,6915,7530,3410,81.1,18.4,0.5,0,100,64.3
2018,Bahamas,288,47822,11385,48,45.1,6.3,0.6,100,84.2
2018,Bahrain,1153,38882,13385,43.5,51,5.2,0.3,100,76.4
2018,Bangladesh,102793,2332,1006,97.2,2.7,0.1,0,100,67.1
2018,Barbados,213,28762,8522,55,40.2,4.6,0.2,100,78.8
2018,Belarus,7427,1514,740,98.8,1.2,0,0,100,61.4
2018,Belgium,8869,313045,163429,17,21.2,57,4.8,100,65.9
2018,Belize,221,8961,2298,84,14.9,1.1,0,100,81.5
2018,Benin,5300,2972,1237,95.1,4.7,0.1,0,100,68.9
2018,Bolivia,6530,7306,2111,83.9,15.4,0.7,0,100,77.9
2018,Bosnia and Herzegovina,2805,14110,6762,61.7,37.1,1.2,0,100,63.2
2018,Botswana,1375,10793,3652,76.5,22.1,1.4,0,100,78.3
2018,Brazil,147836,16664,4263,74,24.1,1.8,0.1,100,82.3
2018,Brunei,298,42925,14154,43,51.2,5.4,0.4,100,78.6
2018,Bulgaria,5752,23984,11013,47,49.9,3,0.1,100,64.7
2018,Burkina Faso,8571,1317,569,98.7,1.3,0,0,100,67.4
2018,Burundi,4972,321,142,99.9,0.1,0,0,100,65.4
2018,Cambodia,9598,3404,1365,94.8,5,0.2,0,100,70.4
2018,Cameroon,11413,2282,897,96.5,3.3,0.1,0,100,72.5
2018,Canada,28858,288263,106342,20.7,28.2,46.6,4.5,100,72.6
2018,Central African Republic,2132,960,332,98.8,1.1,0,0,100,76.8
2018,Chad,6319,735,294,99.5,0.5,0,0,100,71.5
2018,Chile,13166,62222,23812,36,52.6,10.9,0.5,100,77.3
2018,China,1085003,47810,16333,33.4,59.1,7.2,0.3,100,71.4
2018,Colombia,33751,18239,4937,71.1,26.8,2,0.1,100,80.7
2018,Comoros,412,2729,971,95.5,4.3,0.2,0,100,76.6
2018,Congo Dem. Rep.,35869,331,123,99.8,0.2,0,0,100,74.3
2018,Congo Rep.,2546,3361,1219,94.5,5.3,0.2,0,100,75.5
2018,Costa Rica,3490,31717,9813,50.7,43.6,5.5,0.2,100,76.9
2018,Cote d'Ivoire,11501,2958,1119,95.2,4.7,0.2,0,100,73.8
2018,Croatia,3342,35951,17131,33.5,60.9,5.4,0.2,100,63.1
2018,Cyprus,909,100308,10384,48,41,9.9,1.1,100,89.8
2018,Czech Republic,8529,61489,17018,30.7,60.6,8.2,0.5,100,75.8
2018,Denmark,4450,286712,60999,35.6,20.4,38.5,5.5,100,83.6
2018,Djibouti,569,5389,2123,88,11.7,0.3,0,100,70.8
2018,Dominica,54,23937,5548,68,28.2,3.6,0.2,100,84
2018,Ecuador,10507,11068,3211,79.8,18.9,1.2,0,100,77.6
2018,Egypt,57160,3717,346,96.3,3.4,0.3,0,100,90.9
2018,El Salvador,4024,15219,4616,72.8,25.3,1.9,0.1,100,75.9
2018,Equatorial Guinea,695,9398,3057,79,19.8,1.2,0,100,78.1
2018,Eritrea,2462,3412,1499,94.2,5.6,0.1,0,100,66
2018,Estonia,1034,57806,18895,31.5,58.6,9.4,0.5,100,71.1
2018,Ethiopia,51036,167,78,100,0,0,0,100,61.2
2018,Fiji,574,8031,3254,80,19.3,0.6,0,100,69.4
2018,Finland,4327,161062,45606,21,47,30.1,1.9,100,76.7
2018,France,49478,280580,106827,13.9,34.5,47.2,4.3,100,68.7
2018,Gabon,1124,16342,6973,61.5,36.7,1.8,0,100,70
2018,Gambia,936,889,327,99,1,0,0,100,75.5
2018,Georgia,2940,16725,7078,59.7,38.5,1.7,0.1,100,67.8
2018,Germany,67470,214893,35169,40.6,21.6,34.5,3.2,100,81.6
2018,Ghana,14972,934,398,99.3,0.7,0,0,100,68.2
2018,Greece,9019,108127,40789,14,60.9,24.1,1,100,68.2
2018,Grenada,71,16081,3704,76,21.5,2.4,0.1,100,84.2
2018,Guinea,6077,816,323,99.4,0.6,0,0,100,71.6
2018,Guinea-Bissau,909,701,296,99.6,0.4,0,0,100,69.7
2018,Guyana,475,4620,1454,90.2,9.4,0.4,0,100,75
2018,Haiti,6300,2472,619,96,3.8,0.2,0,100,82
2018,Honduras,5417,10675,2887,81.3,17.4,1.3,0.1,100,80.4
2018,Hong Kong,6224,244672,58905,15,50.1,32,2.9,100,81.9
2018,Hungary,7826,37594,15026,38.4,55.5,6,0.2,100,66.2
2018,Iceland,248,555726,203847,17,17,55.5,10.5,100,73.1
2018,India,850210,7024,1289,90.8,8.6,0.6,0,100,85.4
2018,Indonesia,170221,8919,1597,85.4,13.7,0.8,0.1,100,84
2018,Iran,57018,4779,1899,91.6,8.1,0.3,0,100,70.5
2018,Iraq,19160,14192,6515,62.7,36.2,1.1,0,100,62.5
2018,Ireland,3460,232952,72473,34,23.5,38.7,3.8,100,83
2018,Israel,5405,174129,54966,17.8,48.7,31.4,2.1,100,76.6
2018,Italy,48527,217787,79239,8,47.4,41.8,2.8,100,68.9
2018,Jamaica,1983,8924,2507,83.5,15.5,1,0,100,78.8
2018,Japan,105108,227235,103861,5.3,43.6,48.4,2.7,100,63.1
2018,Jordan,5371,13328,5745,66.7,32.1,1.1,0,100,67.7
2018,Kazakhstan,12086,5122,152,96.9,2.7,0.3,0,100,95.2
2018,Kenya,24546,2306,880,96.5,3.4,0.1,0,100,73.2
2018,Korea,41381,171739,65463,2,57.8,38.3,1.8,100,67
2018,Kuwait,3045,91374,26278,34.5,48,16.5,1,100,80.9
2018,Kyrgyzstan,3668,4200,1797,93,6.8,0.2,0,100,67.3
2018,Laos,3946,5215,1567,93.6,5.9,0.5,0,100,79.7
2018,Latvia,1557,33958,7540,55,38.6,6.2,0.2,100,78.8
2018,Lebanon,4162,33726,3932,77.4,18.8,3.5,0.3,100,88.9
2018,Lesotho,1208,2640,857,95.7,4.2,0.2,0,100,79.5
2018,Liberia,2279,1015,410,99,0.9,0,0,100,70.9
2018,Libya,4085,61701,26939,28.2,56.4,15.1,0.3,100,66.5
2018,Lithuania,2306,24600,11161,46.7,50.1,3.2,0.1,100,65.5
2018,Luxembourg,456,412127,164284,0,36,57.2,6.8,100,66.3
2018,Macedonia,1612,12551,5640,68,30.8,1.2,0,100,65.5
2018,Madagascar,12471,432,179,99.8,0.2,0,0,100,70.2
2018,Malawi,8493,141,54,99.9,0.1,0,0,100,73.3
2018,Malaysia,21372,27970,7000,60.6,36.2,3,0.2,100,82
2018,Maldives,308,6808,2702,84,15.4,0.6,0,100,71.8
2018,Mali,7834,1094,468,99,0.9,0,0,100,68.2
2018,Malta,347,140629,76116,14,48,36.7,1.3,100,63.1
2018,Mauritania,2239,1756,764,98.1,1.8,0,0,100,66.7
2018,Mauritius,943,35668,16472,37,56.7,6.2,0.1,100,64
2018,Mexico,83850,20620,5784,65.7,31.8,2.3,0.1,100,80
2018,Mongolia,1960,10295,4616,73.5,25.7,0.8,0,100,65.9
2018,Montenegro,475,24746,12060,45,51.9,3,0.1,100,63.1
2018,Morocco,23218,9305,2426,85.1,14,0.8,0.1,100,80.2
2018,Mozambique,13360,482,201,99.8,0.2,0,0,100,70
2018,Myanmar,34334,1515,739,98.9,1.1,0,0,100,58.2
2018,Namibia,1356,11704,3944,75.5,22.9,1.5,0.1,100,77.4
2018,Nepal,17150,2054,834,97.4,2.5,0.1,0,100,69.9
2018,Netherlands,13260,253205,114935,15,32.6,48.8,3.6,100,73.6
2018,New Zealand,3486,289798,98613,10.5,40,45.1,4.4,100,70.8
2018,Nicaragua,3858,3721,1054,93,6.7,0.3,0,100,77.8
2018,Niger,8579,863,379,99.4,0.5,0,0,100,66
2018,Nigeria,88264,1572,208,98.6,1.3,0.1,0,100,89.4
2018,Norway,4057,291103,80054,27.6,25.6,42.2,4.6,100,79.1
2018,Oman,3450,41804,14304,43.8,50.2,5.6,0.4,100,78.8
2018,Pakistan,110625,3816,1711,93.8,6,0.2,0,100,65
2018,Panama,2655,28897,8358,55.3,39.8,4.6,0.2,100,79.5
2018,Papua New Guinea,4488,6254,2117,90,9.4,0.6,0,100,76
2018,Paraguay,4181,9075,2589,83.6,15.4,1,0,100,78.5
2018,Peru,20766,22508,6036,65.1,32.2,2.4,0.2,100,79.5
2018,Philippines,62043,8349,1915,89,10.2,0.7,0.1,100,82.6
2018,Poland,30626,31794,10572,48.4,47.5,3.9,0.2,100,72.2
2018,Portugal,8377,109362,31313,19.9,57.4,21.5,1.1,100,73.6
2018,Qatar,2177,121638,59978,12,53.3,33.8,0.8,100,61.5
2018,Romania,15582,20321,6658,62,35.4,2.5,0.1,100,72.8
2018,Russia,112039,19997,2739,80,17.9,1.9,0.2,100,87.5
2018,Rwanda,6123,660,254,99.5,0.5,0,0,100,72.8
2018,Samoa,105,18154,6516,63,34.5,2.4,0.1,100,73.9
2018,Sao Tome and Principe,96,2987,1311,95.3,4.6,0.1,0,100,65
2018,Saudi Arabia,22629,43174,12847,45.4,48.9,5.3,0.4,100,81
2018,Senegal,7525,3077,1270,94.8,5,0.1,0,100,70.5
2018,Serbia,6809,10743,4903,72.4,26.7,0.9,0,100,65.3
2018,Seychelles,68,48652,21349,35,54,10.8,0.2,100,67.9
2018,Sierra Leone,3596,355,153,99.8,0.2,0,0,100,67.1
2018,Singapore,4552,283118,91656,13.8,38.2,44,4,100,75.8
2018,Slovakia,4339,34781,21203,19.4,76.7,3.8,0.1,100,49.8
2018,Slovenia,1676,79097,34043,13.5,69,16.9,0.6,100,64.6
2018,Solomon Islands,312,9035,3835,78,21.2,0.8,0,100,68.9
2018,South Africa,35434,22191,6726,63.7,33.1,3.1,0.1,100,80.6
2018,Spain,37410,191177,87188,17.2,37.1,43.5,2.3,100,69.7
2018,Sri Lanka,14311,5758,2415,86.9,12.8,0.4,0,100,68.7
2018,St. Lucia,131,11146,3525,78,20.8,1.2,0,100,74.1
2018,St. Vincent and the Grenadines,75,10882,2547,82,16.5,1.4,0.1,100,83.3
2018,Sudan,19846,530,231,99.7,0.2,0,0,100,66.5
2018,Suriname,368,5198,1147,92.1,7.3,0.6,0,100,84.6
2018,Swaziland,719,4219,1388,93.6,6.1,0.3,0,100,77.6
2018,Sweden,7689,249765,39709,36,29.5,30,4.5,100,86.5
2018,Switzerland,6811,530244,183339,13.7,23.6,52.1,10.6,100,74.1
2018,Syria,9477,1190,500,98.9,1,0,0,100,69
2018,Taiwan,19139,212375,78177,15.7,40.5,41.1,2.7,100,73
2018,Tajikistan,4995,1364,618,98.8,1.1,0,0,100,64.6
2018,Tanzania,25944,865,383,99.5,0.5,0,0,100,65
2018,Thailand,52639,9969,1085,91.7,7.5,0.7,0.1,100,90.2
2018,Timor-Leste,584,2513,1303,97.7,2.2,0.1,0,100,54.1
2018,Togo,3800,2324,917,96.5,3.4,0.1,0,100,71.9
2018,Tonga,58,15255,6796,62,36.5,1.5,0,100,67.1
2018,Trinidad and Tobago,1002,15719,5076,70.5,27.5,1.9,0.1,100,74.8
2018,Tunisia,8014,14932,6226,64.3,34.1,1.6,0,100,68.3
2018,Turkey,54411,18555,2677,82,16,1.9,0.1,100,87.1
2018,Turkmenistan,3548,10446,4824,72,27.3,0.7,0,100,61.9
2018,Uganda,17941,710,287,99.5,0.5,0,0,100,71.4
2018,Ukraine,35267,1563,40,99,0.8,0.1,0,100,95.5
2018,United Arab Emirates,7752,88173,25267,35.5,47.5,16,1,100,81.4
2018,United Kingdom,50919,279048,97169,17.5,33.1,44.6,4.8,100,74.7
2018,United States,242972,403974,61667,28.4,30.8,33.6,7.1,100,85.2
2018,Uruguay,2484,39194,12556,44.3,47.9,7.5,0.3,100,74.1
2018,Vanuatu,152,5355,2346,88,11.7,0.3,0,100,67.6
2018,Vietnam,67300,4560,1806,93.1,6.6,0.3,0,100,70.8
2018,Yemen,14122,1967,594,97,2.9,0.1,0,100,80.1
2018,Zambia,7641,1197,390,98.4,1.6,0.1,0,100,78.7
2018,Zimbabwe,8103,3216,1317,94.5,5.3,0.1,0,100,70.7
2017,Albania,2176,11061,8401,59.3,40.3,0.3,0,100,44.8
2017,Algeria,26122,7399,2518,89.1,10.1,0.8,0,100,75.8
2017,Angola,12486,13165,4929,72.3,25.9,1.7,0,100,78.2
2017,Antigua and Barbuda,68,22490,6529,64,33.8,2,0.2,100,79.3
2017,Argentina,29588,18966,7411,62.8,35.1,2,0.1,100,72.3
2017,Armenia,2170,5751,3371,86,13.8,0.2,0,100,58.3
2017,Australia,18205,402603,195417,5.4,26.9,61.3,6.4,100,65.2
2017,Austria,7051,221456,57534,28.4,30.7,37.3,3.5,100,78.8
2017,Azerbaijan,6826,8391,5411,78.1,21.5,0.3,0,100,51
2017,Bahamas,284,41203,9806,51,44.4,4.2,0.4,100,85.1
2017,Bahrain,1089,30803,8561,55,41.6,3.1,0.3,100,85.9
2017,Bangladesh,100725,2612,1587,97,3,0.1,0,100,57.9
2017,Barbados,212,22098,8433,56,41.4,2.5,0.1,100,74
2017,Belarus,7459,1116,873,99.7,0.3,0,0,100,44.2
2017,Belgium,8820,278139,161589,17.6,19.9,58.7,3.9,100,63
2017,Belize,214,10373,3146,81,18,0.9,0.1,100,79.4
2017,Benin,5131,3304,1643,94.2,5.7,0.1,,100,65.9
2017,Bolivia,6382,5751,2297,87.9,11.7,0.4,0,100,74.2
2017,Bosnia and Herzegovina,2796,12516,8947,56,43.5,0.5,0,100,48
2017,Botswana,1341,8917,2673,85,13.8,1.1,0,100,79.5
2017,Brazil,145553,17485,4591,71.9,26.1,1.9,0.1,100,83.2
2017,Brunei,292,43151,14064,42,54.1,3.5,0.4,100,79.6
2017,Bulgaria,5804,17394,11782,44.2,54.4,1.4,0,100,52.9
2017,Burkina Faso,8291,1444,773,98.6,1.4,0,0,100,63
2017,Burundi,4818,382,221,99.9,0.1,0,0,100,56.3
2017,Cambodia,9388,3881,1744,94.3,5.5,0.2,0,100,70
2017,Cameroon,11085,2655,1078,95.8,4,0.1,0,100,74.1
2017,Canada,28568,259271,91058,24.1,27.8,44.4,3.8,100,73.5
2017,Central African Republic,2089,1131,390,98.5,1.4,0.1,0,100,75.7
2017,Chad,6097,883,410,99.3,0.7,0,0,100,69.3
2017,Chile,12997,52829,20141,36.7,55.8,7.1,0.4,100,78.6
2017,China,1079169,26872,6689,63.1,34,2.7,0.2,100,78.9
2017,Colombia,33239,19354,7461,59.7,37.7,2.5,0.1,100,74.2
2017,Comoros,400,3152,1153,96.4,3.3,0.2,0,100,74.2
2017,Congo Dem. Rep.,34697,407,166,99.7,0.3,0,0,100,70.7
2017,Congo Rep.,2478,2814,964,96.1,3.6,0.2,0,100,76.5
2017,Costa Rica,3431,30240,13370,43,52.3,4.6,0.1,100,69.4
2017,Cote d'Ivoire,11169,3352,1215,94.5,5.3,0.2,0,100,78.1
2017,Croatia,3353,25756,18058,28.3,69.8,1.9,0.1,100,49.8
2017,Cyprus,900,102384,20902,30,58,10.9,1.1,100,83.9
2017,Czech Republic,8544,51472,23083,17,75.7,6.9,0.4,100,64.8
2017,Denmark,4423,281542,87231,26,27.2,42,4.8,100,80.9
2017,Djibouti,554,4347,1977,91.4,8.4,0.3,0,100,70.5
2017,Dominica,53,22871,6371,65,32.8,2,0.2,100,80
2017,Ecuador,10289,12844,5644,70.9,27.9,1.2,0,100,70.4
2017,Egypt,56036,3168,324,98.1,1.7,0.2,0,100,91.7
2017,El Salvador,3957,14443,6906,66,32.8,1.2,0,100,65.7
2017,Equatorial Guinea,670,8044,2616,87,12.2,0.7,0.1,100,77.3
2017,Eritrea,2401,3607,2036,94.5,5.4,0.1,0,100,57.1
2017,Estonia,1040,43158,27522,22.5,72.2,5.1,0.2,100,56.4
2017,Ethiopia,49168,153,103,100,0,0,0,100,43.4
2017,Fiji,568,6309,3059,85,14.6,0.4,0,100,68.2
2017,Finland,4312,159098,57850,30.8,33.8,33.5,1.9,100,76.7
2017,France,49239,263399,119720,25.3,21.4,49.3,4,100,70.2
2017,Gabon,1098,15168,7367,62,36.5,1.5,0,100,68.4
2017,Gambia,904,898,347,99.2,0.7,0,0,100,72.4
2017,Georgia,2950,19430,9874,50.7,47.6,1.6,0.1,100,66.8
2017,Germany,67244,203946,47091,29.5,33.7,33.9,2.9,100,79.1
2017,Ghana,14574,809,411,99.5,0.5,0,0,100,66.1
2017,Greece,9020,111684,54665,20.7,52.9,25.4,1,100,67.7
2017,Grenada,70,17523,4625,74,24.3,1.5,0.2,100,81.5
2017,Guinea,5896,814,374,99.4,0.6,0,0,100,69.7
2017,Guinea-Bissau,884,477,243,99.8,0.2,0,0,100,65.6
2017,Guyana,467,5345,2510,89,10.7,0.3,0,100,67.2
2017,Haiti,6172,2879,894,96.2,3.6,0.2,0,100,76.9
2017,Hong Kong,6172,193248,46079,26.3,50.9,20.9,1.9,100,85.1
2017,Hungary,7846,39813,30111,11.8,83.4,4.8,0,100,45.3
2017,Iceland,245,587649,444999,13,72,15,0,100,46.7
2017,India,834608,5976,1295,92.3,7.2,0.5,0,100,83
2017,Indonesia,167559,11001,1914,81.9,17,1.1,0.1,100,83.7
2017,Iran,56306,3831,1856,94.1,5.7,0.2,0,100,67.3
2017,Ireland,3434,248466,84592,31.2,22.7,42.3,3.6,100,81.3
2017,Israel,5315,198406,78244,22.3,38.7,36.7,2.3,100,74.2
2017,Italy,48544,223572,124636,21.3,22,54.1,2.7,100,66
2017,Jamaica,1962,9485,3717,79,20.2,0.8,0,100,74.3
2017,Japan,105228,225057,123724,7.9,35.7,53.9,2.6,100,60.9
2017,Jordan,5212,13099,6014,65.7,33.1,1.2,0,100,76.1
2017,Kazakhstan,12011,4441,334,97.6,2.1,0.3,0,100,92.6
2017,Kenya,23732,1809,662,97.4,2.5,0.1,0,100,77.2
2017,Korea,41007,160609,67934,20,40.5,37.8,1.7,100,70
2017,Kuwait,2996,97304,37788,30.3,48.3,20.4,1,100,76.9
2017,Kyrgyzstan,3611,4689,2472,92.7,7,0.2,0,100,62.9
2017,Laos,3849,5662,1382,94.6,4.7,0.7,0,100,84.9
2017,Latvia,1577,27631,17828,29,68.6,2.2,0.1,100,53.6
2017,Lebanon,4085,24161,6452,69,28.5,2.3,0.2,100,82
2017,Lesotho,1184,3163,945,95.9,3.8,0.3,0,100,79.8
2017,Liberia,2211,2193,959,97.3,2.6,0.1,0,100,71.6
2017,Libya,4007,45103,24510,29.6,61.1,9.2,0.2,100,59.9
2017,Lithuania,2316,27507,17931,27.3,70.4,2.1,0.1,100,51.6
2017,Luxembourg,450,313687,167664,17,20,58.8,4.2,100,68.1
2017,Macedonia,1607,9044,5698,77,22.5,0.5,0,100,56.4
2017,Madagascar,12048,354,174,99.9,0.1,0,0,100,67.1
2017,Malawi,8194,114,45,100,0,0,0,100,73.7
2017,Malaysia,20902,22804,7087,64.4,33.1,2.4,0.2,100,82
2017,Maldives,301,5522,2539,90,9.6,0.4,0,100,68
2017,Mali,7593,929,486,99.4,0.6,0,0,100,64.5
2017,Malta,345,119802,67980,14,54,31.1,0.9,100,62
2017,Mauritania,2169,1390,731,98.9,1.1,0,0,100,62.3
2017,Mauritius,934,38937,23035,26,67.6,6.3,0.1,100,55.3
2017,Mexico,82105,22346,8737,54.5,42.6,2.8,0.1,100,73.2
2017,Moldova,3194,3093,2229,97.4,2.5,0.1,0,100,47.9
2017,Mongolia,1932,12530,7526,64,35.2,0.8,0,100,57
2017,Montenegro,474,19607,13981,36,62.9,1.1,0,100,48.8
2017,Morocco,22817,11118,2986,83.7,15.2,1,0.1,100,81.4
2017,Mozambique,12928,371,171,99.8,0.2,0,0,100,71.1
2017,Myanmar,33769,1831,1431,99.3,0.7,0,0,100,31
2017,Namibia,1317,16101,3216,75.5,22.7,1.7,0.1,100,91
2017,Nepal,16720,2392,1151,96.9,3,0.1,0,100,67.3
2017,Netherlands,13193,204045,94373,13.9,37.4,46.1,2.5,100,73
2017,New Zealand,3444,337441,147593,18,24.7,51.4,5.9,100,72.3
2017,Nicaragua,3777,3242,1306,94.7,5.1,0.2,0,100,71.9
2017,Niger,8273,942,545,99.5,0.5,0,0,100,56.4
2017,Nigeria,85914,1797,835,97.7,2.3,0,0,100,69.5
2017,Norway,4013,320475,130543,28.2,16.8,50,5,100,80.5
2017,Oman,3283,34592,10461,49,46.6,4,0.3,100,80.6
2017,Pakistan,107845,5174,3338,90.2,9.6,0.1,0,100,52.6
2017,Panama,2600,23340,8239,55.7,41.5,2.7,0.1,100,76.3
2017,Papua New Guinea,4369,7733,2275,88.2,10.8,0.9,0,100,81.9
2017,Paraguay,4091,10438,4179,76.4,22.6,1,0,100,75.2
2017,Peru,20399,26729,8483,57,39.9,2.9,0.2,100,77.8
2017,Philippines,60718,9773,2478,86.6,12.5,0.9,0.1,100,83.9
2017,Poland,30627,28057,10302,48.7,48.1,2.9,0.2,100,71.7
2017,Portugal,8383,89437,38242,25.8,55,18.4,0.8,100,70.9
2017,Qatar,2127,102517,71118,8.3,57.3,34,0.4,100,52.2
2017,Romania,15645,16344,8282,61.4,37,1.5,0.1,100,62.3
2017,Russia,112567,16773,3919,82,16.6,1.3,0.1,100,82.6
2017,Rwanda,5939,666,272,99.4,0.5,0,0,100,73
2017,Samoa,103,22734,9938,51,46.7,2.2,0.1,100,69.8
2017,Sao Tome and Principe,93,2739,1652,97,2.9,0.1,0,100,53.1
2017,Saudi Arabia,22017,35042,11555,47.2,48,4.5,0.3,100,79.4
2017,Senegal,7293,2648,1245,95.9,4.1,0.1,0,100,69.8
2017,Serbia,6820,8035,5299,79.6,20,0.4,0,100,54.2
2017,Seychelles,68,50883,26064,34,54,11.8,0.2,100,65.6
2017,Sierra Leone,3498,340,190,99.9,0.1,0,0,100,58.7
2017,Singapore,4462,268776,108850,21.6,26,49,3.4,100,73.3
2017,Slovakia,4335,27842,20717,18,79.5,2.5,0,100,46.3
2017,Slovenia,1676,62920,42195,19,62.5,18.3,0.2,100,55.1
2017,Solomon Islands,304,11222,4797,76,23,0.9,0.1,100,71.7
2017,South Africa,34834,21849,5136,68.1,28.5,3.3,0.2,100,86.7
2017,Spain,37389,129578,63369,18.9,48.2,31.7,1.1,100,65.7
2017,Sri Lanka,14210,4802,2448,90.7,9,0.2,0,100,66.5
2017,St. Lucia,129,14296,7497,61,37.9,1.1,0,100,63.7
2017,St. Vincent and the Grenadines,74,12445,3336,81,17.8,1.1,0.1,100,81.3
2017,Sudan,19245,1594,910,98.5,1.5,0,0,100,56.9
2017,Suriname,363,5843,1842,91.1,8.4,0.5,0,100,78.2
2017,Swaziland,701,3323,1031,96.3,3.4,0.3,0,100,79.3
2017,Sweden,7650,260667,45235,17.4,52.5,25.7,4.4,100,83.4
2017,Switzerland,6753,537599,229059,10.4,17.4,63.3,8.8,100,69.4
2017,Syria,9395,1122,572,99,0.9,0,0,100,65.9
2017,Taiwan,18973,188081,87257,7,49.5,41.5,2,100,67.8
2017,Tajikistan,4869,1576,993,99,1,0,0,100,53.5
2017,Tanzania,25090,858,510,99.6,0.4,0,0,100,55.2
2017,Thailand,52185,8311,1624,91.1,8.1,0.7,0.1,100,85.1
2017,Togo,3694,2668,1123,95.7,4.2,0.1,0,100,74
2017,Tonga,57,13356,7672,62,37.1,0.9,0,100,59.3
2017,Trinidad and Tobago,998,14028,7579,62,36.9,1.1,0,100,62.1
2017,Tunisia,7915,15540,7161,63.6,34.5,1.8,0,100,69.1
2017,Turkey,53248,20061,5087,75.6,22.5,1.7,0.1,100,81.8
2017,Turkmenistan,3488,9438,6621,74.7,24.9,0.3,0,100,42.8
2017,Uganda,17264,645,300,99.6,0.4,0,0,100,68.6
2017,Ukraine,35517,1224,133,99.2,0.7,0.1,0,100,90.1
2017,United Arab Emirates,7652,78803,19712,39.4,54.1,5.4,1,100,86.1
2017,United Kingdom,50617,278038,102641,18.9,30.6,46.1,4.3,100,73.5
2017,United States,240772,388585,55876,28.5,31.4,33.7,6.4,100,85.9
2017,Uruguay,2466,40376,20376,32.7,59.7,7.5,0.2,100,63.9
2017,Vanuatu,148,6173,2994,84,15.6,0.4,0,100,70.2
2017,Venezuela,20157,4530,436,96.9,2.7,0.3,0,100,94.2
2017,Vietnam,66447,5391,2235,90.8,8.8,0.4,0,100,74.5
2017,Yemen,13665,3002,799,96.6,3.1,0.3,0,100,81.9
2017,Zambia,7369,1064,298,98.5,1.4,0.1,0,100,81
2017,Zimbabwe,7871,3640,1525,93.7,6.2,0.2,0,100,73
2016,Albania,2316,9204,4707,73.3,26,0.7,0,100,65
2016,Algeria,25195,7561,2930,83.4,15.9,0.7,0,100,71.7
2016,Angola,10053,16019,3033,78.9,19.3,1.6,0.2,100,84.4
2016,Antigua and Barbuda,66,22784,7306,58,38.8,3,0.2,100,75.6
2016,Argentina,29206,16002,4381,70.2,28.1,1.7,0.1,100,78.7
2016,Armenia,2292,5558,2012,91.7,7.7,0.5,0,100,74.3
2016,Australia,17115,375573,162815,11.1,33.2,49.6,6.2,100,68.2
2016,Austria,6837,206002,52519,28.9,31.7,36.3,3.2,100,78.5
2016,Azerbaijan,6519,13242,6207,65.1,33.2,1.6,0,100,68.3
2016,Bahamas,253,45947,14733,42,50.2,7.4,0.4,100,75.6
2016,Bahrain,610,50609,23695,34,56.6,9.1,0.4,100,68
2016,Bangladesh,110079,2347,675,96.7,3.2,0.2,0,100,78.6
2016,Barbados,203,22120,7044,59,38.1,2.7,0.2,100,76.2
2016,Belarus,7473,1259,721,99,1.1,0,0,100,62.2
2016,Belgium,8473,270613,154815,18.4,20.8,57.2,3.6,100,64.1
2016,Belize,202,10896,3025,80,18.8,1.1,0.1,100,78.4
2016,Benin,5135,3136,905,95.5,4.2,0.3,0,100,77.9
2016,Bolivia,6175,5542,1521,90.4,9.1,0.5,0,100,77.9
2016,Bosnia and Herzegovina,2993,11384,5780,66.7,32.3,1,0,100,65.2
2016,Botswana,1236,8600,639,94,5.3,0.5,0.1,100,93
2016,Brazil,140507,18059,3811,72.9,25.2,1.8,0.1,100,82.9
2016,Brunei,304,46757,21891,35,56.8,7.9,0.3,100,68
2016,Bulgaria,5887,14824,7458,58.5,40,1.5,0,100,65.8
2016,Burkina Faso,8379,1323,333,98.6,1.3,0.1,0,100,81
2016,Burundi,5032,361,126,99.7,0.3,0,0,100,74.5
2016,Cambodia,9826,3427,927,95.6,4.2,0.3,0,100,79.5
2016,Cameroon,11161,2526,715,96.5,3.3,0.2,0,100,78
2016,Canada,27995,270179,96664,25,25.7,45.3,4,100,73.2
2016,Cape Verde,315,16557,4536,71,26.9,2,0.1,100,79.2
2016,Central African Republic,2516,800,136,99.2,0.7,0.1,0,100,85.8
2016,Chad,5907,981,285,98.9,1,0.1,0,100,77.4
2016,Chile,12938,46543,11590,46.6,47.1,5.8,0.4,100,80.5
2016,China,1023129,22864,4885,67.8,29.3,2.7,0.2,100,81.9
2016,Colombia,31986,19050,5692,63.1,34.5,2.3,0.1,100,76.2
2016,Comoros,412,2860,7,99.8,0.1,0,0.1,100,99.7
2016,Congo Dem. Rep.,34612,396,105,99.6,0.4,0,0,100,79.4
2016,Congo Rep.,2202,3217,875,95.2,4.5,0.3,0,100,78.5
2016,Costa Rica,3416,30747,10647,48.8,46.3,4.8,0.2,100,73.4
2016,Cote d'Ivoire,12373,2814,742,96.1,3.7,0.2,0,100,79.3
2016,Croatia,3496,22303,11721,46,51.3,2.6,0.1,100,64.5
2016,Cyprus,719,118478,25306,29,57,12.7,1.3,100,83.5
2016,Czech Republic,8465,48357,16700,36.9,56.4,6.3,0.4,100,76
2016,Denmark,4235,259816,52279,42.8,14,37.5,5.7,100,89.3
2016,Djibouti,541,4047,1485,93.5,6.2,0.4,0,100,73.7
2016,Dominica,52,26385,9345,52,44.1,3.7,0.2,100,73.6
2016,Ecuador,9170,13730,4348,71,27.3,1.6,0.1,100,75.6
2016,Egypt,55436,6323,1639,92.3,7.2,0.5,0,100,81.1
2016,El Salvador,3919,14102,5161,67,31.3,1.6,0.1,100,72.6
2016,Equatorial Guinea,390,15238,4486,72,26.1,1.8,0.1,100,78.1
2016,Eritrea,3002,2475,662,96.7,3,0.2,0,100,79.4
2016,Estonia,1045,39984,20052,34.5,58.5,6.9,0.2,100,65.6
2016,Ethiopia,46433,440,190,99.7,0.3,0,0,100,69.8
2016,Fiji,539,6132,1566,91.4,8,0.6,0.1,100,80.3
2016,Finland,4242,146733,52427,31.6,34.6,32.1,1.7,100,76.6
2016,France,48662,244365,99923,26.1,23.9,46.7,3.3,100,72
2016,Gabon,931,17379,4994,68,29.8,2.1,0.1,100,78.3
2016,Gambia,979,857,171,99.1,0.8,0.1,0,100,83.2
2016,Georgia,3153,19843,6785,60,37,2.9,0.1,100,75
2016,Germany,67067,185175,42833,31,33.7,32.9,2.4,100,78.9
2016,Ghana,14412,872,283,99.1,0.9,0,0,100,75
2016,Greece,9146,103569,53266,22.9,51.6,24.7,0.8,100,67
2016,Grenada,69,16831,5961,63,34.8,2.1,0.1,100,73.6
2016,Guinea,5748,923,324,99,1,0,0,100,74.1
2016,Guinea-Bissau,889,422,163,99.6,0.3,0,0,100,72.6
2016,Guyana,482,4711,2162,91.1,8.6,0.3,0,100,68.4
2016,Haiti,6151,3128,310,98.3,1.6,0.1,0,100,91.7
2016,Hong Kong,6269,185281,34362,28.3,50.6,19.3,1.8,100,85.6
2016,Hungary,7902,33893,19345,34.4,60.7,4.8,0.1,100,62.5
2016,Iceland,263,408595,188088,22,16,54.9,7.1,100,72
2016,India,808146,3835,608,96.2,3.5,0.3,0,100,87.6
2016,Indonesia,164172,10772,1966,84.3,14.7,1,0.1,100,84
2016,Iran,55372,3955,1150,94.6,5,0.3,0,100,77.9
2016,Ireland,3586,214589,80668,31.8,23,42.2,3.1,100,80
2016,Israel,5155,176263,54384,23.5,42.5,32,2,100,77.2
2016,Italy,49300,202288,104105,22.7,26.1,49,2.3,100,68.7
2016,Jamaica,1774,10073,3030,80,18.8,1.1,0.1,100,76.8
2016,Japan,104223,230946,120493,9.3,35.5,52.5,2.7,100,63.1
2016,Jordan,4059,15702,5978,64.8,33,2.1,0.1,100,73
2016,Kazakhstan,11144,4134,571,96.6,3.1,0.3,0,100,89.2
2016,Kenya,22273,1869,415,97.8,2,0.2,0,100,82.7
2016,Korea,39259,159914,64636,21.2,43.2,33.9,1.7,100,71.9
2016,Kuwait,2423,119038,40803,24.7,52.3,21.8,1.2,100,75.4
2016,Kyrgyzstan,3729,4806,1921,92.3,7.3,0.4,0,100,71.6
2016,Laos,3899,6687,2305,89.5,9.8,0.7,0,100,75.2
2016,Latvia,1765,22444,10748,48.5,48.6,2.8,0.1,100,67
2016,Lebanon,3071,30730,5674,67.3,29.7,2.8,0.3,100,86.1
2016,Lesotho,1120,2984,679,96,3.7,0.3,0,100,81.5
2016,Liberia,2281,2069,709,97.3,2.6,0.2,0,100,75.2
2016,Libya,4507,28828,4923,67.8,29.2,2.8,0.3,100,86.2
2016,Lithuania,2518,22411,10915,48,49.2,2.7,0.1,100,66.5
2016,Luxembourg,403,316466,125452,20,24,51.6,4.4,100,75.4
2016,Macedonia,1581,9646,4349,73.5,25.7,0.8,0,100,68.2
2016,Madagascar,11275,364,105,99.7,0.3,0,0,100,77.8
2016,Malawi,8090,107,25,99.9,0.1,0,0,100,81.7
2016,Malaysia,19406,24429,6457,61.4,35.8,2.6,0.2,100,80
2016,Maldives,225,7036,2380,88,11.2,0.7,0,100,75.5
2016,Mali,6920,947,327,99,1,0,0,100,74
2016,Malta,336,116185,54562,16,60,22.7,1.3,100,67.9
2016,Mauritania,1955,1949,669,97.5,2.4,0.1,0,100,74.8
2016,Mauritius,964,34549,14087,42,52.7,5,0.3,100,71.6
2016,Mexico,76747,21125,6066,62.4,35.1,2.4,0.1,100,77.9
2016,Moldova,2673,3212,1472,95,4.9,0.2,0,100,68
2016,Mongolia,1940,18035,7274,58.5,38.9,2.6,0.1,100,71.5
2016,Montenegro,470,18778,10463,49,49,2,0,100,63.3
2016,Morocco,22321,10623,2986,82.9,16.1,1,0.1,100,79
2016,Mozambique,12160,520,110,99.5,0.4,0.1,0,100,83.5
2016,Myanmar,35483,2221,785,96.4,3.4,0.2,0,100,74.1
2016,Namibia,1341,13298,1141,91.6,7.5,0.8,0.2,100,92.5
2016,Nepal,18556,2009,528,97.4,2.5,0.1,0,100,80.4
2016,Netherlands,13081,184378,81118,24.8,30,43,2.2,100,74.3
2016,New Zealand,3329,298930,135755,17.3,27,50.8,5,100,69.1
2016,Nicaragua,3658,3392,1031,94.9,4.8,0.3,0,100,76.7
2016,Niger,7674,970,309,98.9,1,0.1,0,100,76.5
2016,Nigeria,85928,1904,397,98.1,1.8,0.1,0,100,83.7
2016,Norway,3825,312339,135012,27,17.5,50.4,5.1,100,79.8
2016,Oman,2000,52664,19429,35.7,56.1,7.7,0.5,100,73.6
2016,Pakistan,114091,4595,1788,93.4,6.1,0.4,0,100,72.7
2016,Panama,2439,23428,6831,58.7,37.9,3.2,0.2,100,76.6
2016,Papua New Guinea,4030,8851,286,98,1.8,0.1,0.1,100,97.3
2016,Paraguay,4155,10175,2935,80.4,18.5,1.1,0.1,100,77.4
2016,Peru,19795,26292,6575,60.1,36.7,2.9,0.2,100,80.7
2016,Philippines,60284,9878,2055,87,12.1,0.8,0.1,100,83.4
2016,Poland,30353,24584,9484,51.5,45.5,2.9,0.1,100,73
2016,Portugal,8654,77113,32782,28.7,55.7,15,0.6,100,71.3
2016,Qatar,1301,161666,74820,18.5,39,40.3,2.2,100,68
2016,Romania,16558,13815,5323,69.4,29.2,1.3,0.1,100,73
2016,Russia,108892,10344,991,93.6,5.7,0.6,0.1,100,92.3
2016,Rwanda,5663,760,98,99.3,0.5,0.1,0,100,89.4
2016,Samoa,96,37838,12832,45,49.8,4.9,0.3,100,75.6
2016,Sao Tome and Principe,92,3812,992,95.1,4.5,0.3,0,100,80.7
2016,Saudi Arabia,17883,40555,14345,41.5,52.5,5.7,0.3,100,74.5
2016,Senegal,6948,2520,784,96.4,3.4,0.2,0,100,76.4
2016,Serbia,7541,6906,3494,82.9,16.7,0.5,0,100,65.4
2016,Seychelles,57,61619,8114,56,39.7,3.8,0.5,100,90.2
2016,Sierra Leone,3072,637,214,99.4,0.6,0,0,100,75.1
2016,Singapore,4111,276885,101386,17.6,32.2,46.5,3.7,100,74
2016,Slovakia,4341,24992,17998,24.2,73.2,2.6,0,100,49
2016,Slovenia,1661,57376,35183,22,64.5,13.3,0.2,100,58.5
2016,Solomon Islands,322,10071,3632,79,19.8,1.2,0,100,74
2016,South Africa,31573,20589,3549,69.9,27.5,2.5,0.1,100,83
2016,Spain,37794,116320,56500,19,54.4,25.5,1,100,68
2016,Sri Lanka,14605,4772,1271,94.8,4.7,0.4,0,100,80.7
2016,St. Kitts and Nevis,37,25950,9191,52,44.2,3.6,0.2,100,73.6
2016,St. Lucia,124,15405,6909,60,38.3,1.7,0,100,68.7
2016,St. Vincent and the Grenadines,73,11999,3650,76,22.6,1.3,0.1,100,76.8
2016,Sudan,25605,1070,413,98.9,1.1,0,0,100,71.8
2016,Suriname,356,8970,48,99.7,0.2,0,0.1,100,99.5
2016,Swaziland,669,3179,484,96.6,3.1,0.2,0,100,87
2016,Sweden,7406,227295,39692,30.9,36.9,28.4,3.9,100,83.2
2016,Switzerland,6190,561854,244002,21.1,13.6,53.7,11.6,100,72.1
2016,Syria,13972,1846,695,97.3,2.6,0.1,0,100,72.9
2016,Taiwan,18506,172847,63134,19.9,42.2,36,1.9,100,73.9
2016,Tajikistan,4328,2292,944,96.7,3.2,0.1,0,100,71
2016,Tanzania,23758,887,326,99.1,0.9,0,0,100,73.1
2016,Thailand,50726,7926,1469,91.9,7.4,0.6,0.1,100,85.9
2016,Togo,3983,2281,598,96.8,3,0.2,0,100,78.8
2016,Tonga,55,13820,4687,72,26.1,1.8,0.1,100,75.6
2016,Trinidad and Tobago,1000,16004,7068,59,39.2,1.8,0,100,68.4
2016,Tunisia,7738,17136,6291,62.4,35.4,2.1,0.1,100,73.1
2016,Turkey,54008,19685,4339,72.6,25.4,1.8,0.1,100,83.2
2016,Turkmenistan,3530,50230,14885,41.5,51.4,6.6,0.5,100,77.7
2016,Uganda,16585,685,161,99.3,0.6,0.1,0,100,81.4
2016,Ukraine,35363,1254,133,99.1,0.8,0.1,0,100,91.7
2016,United Arab Emirates,3949,151098,62332,20,42.7,35.7,1.6,100,71
2016,United Kingdom,48993,288808,107865,21.6,27,46.8,4.5,100,73.2
2016,United States,245972,344692,44977,34.6,28.6,31.3,5.5,100,86.2
2016,Uruguay,2447,36651,15133,41,52.6,6.1,0.2,100,69.9
2016,Vanuatu,149,5766,1955,91.3,8.1,0.6,0,100,75.6
2016,Venezuela,19999,4221,893,95.3,4.4,0.3,0,100,83.7
2016,Vietnam,64812,5275,1800,91.8,7.7,0.5,0,100,74.8
2016,West Bank and Gaza,2421,6362,2590,88.7,10.7,0.6,0,100,71.4
2016,Yemen,13387,4752,1762,93,6.5,0.4,0,100,73.6
2016,Zambia,6606,1021,42,99.5,0.3,0.1,0,100,95.9
2016,Zimbabwe,7384,3933,1049,94.4,5.2,0.4,0,100,79.4
2015,Albania,2285,8713,4773,74.1,25.4,0.5,0,100,65.8
2015,Algeria,24736,8274,3523,78.9,20.5,0.6,0,100,66
2015,Angola,9740,15302,4931,67.5,30.7,1.8,0,100,72.7
2015,Antigua and Barbuda,65,21567,5953,65,32.4,2.5,0.2,100,78.6
2015,Argentina,28832,9778,2203,86.6,12.5,0.9,0.1,100,81.8
2015,Armenia,2283,5343,2732,87.7,12.1,0.2,0,100,62.8
2015,Australia,16919,364896,168291,7.2,26.1,61,5.7,100,63.9
2015,Austria,6809,196092,66617,27.9,32.5,36.7,2.9,100,77.9
2015,Azerbaijan,6430,17837,10299,50,48.3,1.7,0,100,59.1
2015,Bahamas,249,44299,7189,60,35.5,4,0.5,100,86.9
2015,Bahrain,595,49163,24922,30,58.7,11,0.2,100,64.5
2015,Bangladesh,107702,2201,1104,96.7,3.2,0,0,100,63
2015,Barbados,202,20022,4625,68.8,28.6,2.5,0.1,100,79.4
2015,Belarus,7504,1551,883,98.6,1.4,0,0,100,65
2015,Belgium,8440,259406,150348,9.9,33.1,53.7,3.3,100,62.6
2015,Belize,196,10602,2834,80,18.8,1.2,0,100,76
2015,Benin,4970,3044,1303,94,5.9,0.1,0,100,67.3
2015,Bolivia,6026,5202,1904,88.7,11,0.3,0,100,71.3
2015,Bosnia and Herzegovina,2990,10704,5518,67.1,32,0.8,0,100,67
2015,Botswana,1214,9196,1758,84.2,14.7,1.1,0,100,81.7
2015,Brazil,138439,17597,3311,75.9,22.2,1.8,0.1,100,83
2015,Brunei,296,46512,23716,31.2,58.7,9.8,0.2,100,64.3
2015,Bulgaria,5930,15892,8542,54.8,43.6,1.6,0,100,66.4
2015,Burkina Faso,8110,1265,496,98.5,1.5,0,0,100,67.5
2015,Burundi,4909,356,174,99.9,0.1,0,0,100,63.4
2015,Cambodia,9563,3163,1495,93.8,6.1,0,0,100,64.1
2015,Cameroon,10881,2458,980,95.7,4.2,0,0,100,67.2
2015,Canada,27677,248276,74750,18.5,31.9,46.1,3.6,100,72.6
2015,Cape Verde,307,15732,5434,67.5,30.4,2.1,0.1,100,73.6
2015,Central African Republic,2457,773,259,99.3,0.7,0,0,100,70.7
2015,Chad,5735,985,436,99.2,0.8,0,0,100,66.6
2015,Chile,12754,41982,13503,48,46.6,5,0.3,100,79.5
2015,China,1013536,22513,7357,62.1,35.5,2.3,0.1,100,73.3
2015,Colombia,31382,20477,5765,64.6,32.6,2.7,0.1,100,76.9
2015,Comoros,402,2741,685,94.4,5.4,0.2,0,100,78.9
2015,Congo Dem. Rep.,33485,374,147,99.9,0.1,0,0,100,67.5
2015,Congo Rep.,2131,3344,1394,93.2,6.7,0.1,0,100,68.3
2015,Costa Rica,3349,29862,6861,60.6,35.8,3.3,0.3,100,81.4
2015,Cote d'Ivoire,12019,2698,1064,94.8,5.1,0.1,0,100,69.1
2015,Croatia,3497,22386,11974,50,47.2,2.7,0,100,66.4
2015,Cyprus,709,112220,25559,26.2,58.7,13.7,1.2,100,81.7
2015,Czech Republic,8459,41710,14256,48.2,46,5.4,0.3,100,77.9
2015,Denmark,4218,251634,51854,31.9,24.5,39,4.6,100,89.3
2015,Djibouti,528,3846,1543,91.8,8.1,0.1,0,100,66.7
2015,Dominica,51,26122,7595,58.7,38.1,2.9,0.2,100,78.4
2015,Ecuador,8990,12717,3945,74.3,24.3,1.4,0,100,73.8
2015,Egypt,54333,6983,1664,91.7,7.7,0.6,0,100,80.3
2015,El Salvador,3846,13337,5137,70,28.6,1.3,0,100,70.7
2015,Equatorial Guinea,380,16450,5814,66.2,31.6,2.1,0.1,100,73.1
2015,Eritrea,2915,2383,1003,95.8,4.1,0,0,100,67.9
2015,Estonia,1049,35503,18640,44,49.1,6.8,0.1,100,67.1
2015,Ethiopia,44938,441,229,99.9,0.1,0,0,100,62.3
2015,Fiji,533,5893,2060,85,14.7,0.3,0,100,68.9
2015,Finland,4225,149917,62729,26,37.1,35.2,1.7,100,74.2
2015,France,48450,262070,86156,16.9,33.1,46.3,3.7,100,70.3
2015,Gabon,906,17701,6259,63.7,33.9,2.3,0.1,100,73.3
2015,Gambia,950,886,309,99.2,0.8,0,0,100,69.4
2015,Georgia,3164,18636,8361,55.3,42.2,2.4,0,100,66.6
2015,Germany,67079,177984,43898,29.7,33.9,34.2,2.3,100,77.5
2015,Ghana,14046,773,337,99.6,0.4,0,0,100,65.4
2015,Greece,9131,81342,38552,19.7,64,15.7,0.6,100,68
2015,Grenada,68,16085,4995,66.3,31.9,1.8,0.1,100,73.5
2015,Guinea,5567,960,415,99.3,0.7,0,0,100,65
2015,Guinea-Bissau,867,410,165,99.8,0.1,0,0,100,69.7
2015,Guyana,479,4450,1679,90.4,9.4,0.2,0,100,68
2015,Haiti,6015,3506,1085,92.8,7,0.2,0,100,72.7
2015,Hong Kong,6186,173685,36545,22.2,57.2,18.9,1.7,100,83.7
2015,Hungary,7910,30796,17362,44.4,50.6,4.9,0.1,100,65.5
2015,Iceland,259,351037,118947,13.8,31.3,49.3,5.8,100,70.9
2015,India,792023,4352,868,95.4,4.3,0.3,0,100,83.1
2015,Indonesia,161671,9031,1615,92,7,0.9,0.1,100,84.7
2015,Iran,54597,3654,1711,92.2,7.7,0.1,0,100,65.2
2015,Ireland,3547,194650,64444,18.8,35.3,43.5,2.4,100,71.7
2015,Israel,5071,155982,41926,19.8,52,26.5,1.7,100,77.2
2015,Italy,49244,203577,88603,12.4,37.6,47.7,2.3,100,66.7
2015,Jamaica,1753,10032,3424,79.4,19.6,1,0,100,73.4
2015,Japan,104279,190230,96071,9,42.3,46.7,2,100,63.4
2015,Jordan,3972,14742,7190,60.5,37.9,1.5,0,100,64.1
2015,Kazakhstan,11080,5593,889,95.1,4.4,0.4,0,100,87.4
2015,Kenya,21657,1879,738,96.9,3.1,0,0,100,69.6
2015,Korea,38912,91108,31259,24,59.3,15.9,0.8,100,73.8
2015,Kuwait,2370,113419,40438,20.5,58.2,20.2,1.2,100,74.1
2015,Kyrgyzstan,3666,4896,2248,88.3,11.5,0.1,0,100,63.3
2015,Laos,3785,6219,3062,85,14.7,0.3,0,100,63.8
2015,Latvia,1775,20977,7528,50,47.3,2.7,0,100,67.9
2015,Lebanon,3024,30207,5340,66.7,30.2,2.8,0.3,100,84.8
2015,Lesotho,1104,3384,984,92.9,7,0.1,0,100,72.6
2015,Liberia,2213,2133,910,96.8,3.2,0,0,100,65.3
2015,Libya,4420,28628,4789,69.8,26.5,3.4,0.3,100,85.4
2015,Lithuania,2527,22628,8333,50,47,3,0,100,67.5
2015,Luxembourg,398,303695,110885,10,36.3,49.1,4.6,100,70.4
2015,Macedonia,1574,9605,3145,72.9,26.4,0.8,0,100,69.3
2015,Madagascar,10900,340,137,100,0,0,0,100,66.8
2015,Malawi,7812,169,70,100,0,0,0,100,67.2
2015,Malaysia,19000,22700,6194,64.5,33,2.3,0.2,100,78.9
2015,Maldives,219,6724,3084,82.5,17.2,0.3,0,100,65.1
2015,Mali,6735,923,411,99.4,0.6,0,0,100,64.3
2015,Malta,333,110998,54787,10,58.8,30.4,0.9,100,60.3
2015,Mauritania,1905,2038,823,96.8,3.1,0,0,100,66.7
2015,Mauritius,953,33770,10498,47.5,47.5,4.8,0.2,100,73.7
2015,Mexico,75422,25949,7978,56.7,39.9,3.2,0.2,100,75.9
2015,Moldova,2683,3104,1578,94.2,5.8,0.1,0,100,67.4
2015,Mongolia,1907,15548,6758,59.4,38.8,1.7,0,100,64.8
2015,Montenegro,469,18251,10241,50,48.1,1.8,0,100,65.8
2015,Morocco,21941,10123,2814,84.9,14.2,0.9,0.1,100,78.6
2015,Mozambique,11865,779,285,99.4,0.6,0,0,100,69.1
2015,Myanmar,34973,2119,984,96.8,3.2,0,0,100,65.1
2015,Namibia,1307,15420,3228,77.5,20.2,2.2,0.1,100,81.6
2015,Nepal,18035,2025,788,96.7,3.3,0,0,100,67.4
2015,Netherlands,13016,182782,74659,22.6,31.1,44.1,2.2,100,73.2
2015,New Zealand,3292,400811,182618,10,30.9,50.5,8.6,100,67
2015,Nicaragua,3566,3418,1352,93,6.9,0.1,0,100,67.2
2015,Niger,7401,934,441,99.3,0.7,0,0,100,65
2015,Nigeria,83703,2705,650,97.1,2.7,0.2,0,100,81.4
2015,Norway,3788,321352,119634,23.1,21.9,49.6,5.4,100,77.9
2015,Oman,1948,50362,19642,31.7,57.8,10.2,0.4,100,68.2
2015,Pakistan,110991,4459,2316,90.1,9.8,0.1,0,100,62.1
2015,Panama,2392,22541,5553,65.9,31.5,2.5,0.2,100,80.2
2015,Papua New Guinea,3916,8797,2860,79.7,19.4,0.9,0,100,71.5
2015,Paraguay,4057,10505,3672,78.2,20.6,1.1,0,100,72.9
2015,Peru,19423,20113,5105,69.5,28.3,2,0.1,100,80.3
2015,Philippines,58863,9177,1856,88.4,10.8,0.8,0.1,100,82.7
2015,Poland,30326,24370,9112,52.7,44.2,3,0.1,100,75.6
2015,Portugal,8640,73843,27297,24.9,61,13.5,0.6,100,70.5
2015,Qatar,1290,156986,60846,15,50.8,31.7,2.5,100,72.3
2015,Romania,16609,13295,5191,70,28.6,1.3,0.1,100,74.8
2015,Russia,109516,11726,1388,91.4,7.7,0.8,0.1,100,91.2
2015,Rwanda,5517,766,269,99.2,0.8,0,0,100,72
2015,Samoa,94,35273,16059,40,53.4,6.5,0.1,100,66.7
2015,Sao Tome and Principe,90,3080,1353,94,5.9,0.1,0,100,67.8
2015,Saudi Arabia,17409,39481,13131,44.3,50.1,5.3,0.3,100,74.6
2015,Senegal,6735,2446,1088,95.8,4.1,0,0,100,66.5
2015,Serbia,7537,6585,3561,82,17.6,0.4,0,100,66.1
2015,Seychelles,56,58651,3152,82.5,12.6,4.1,0.8,100,94.8
2015,Sierra Leone,2999,747,351,99.6,0.4,0,0,100,65
2015,Singapore,4051,269408,98922,10,40,46.5,3.5,100,70.8
2015,Slovakia,4328,24062,18223,22.4,75.9,1.8,0,100,44.6
2015,Slovenia,1659,56406,41061,18.1,66.9,14.9,0,100,53.3
2015,Solomon Islands,312,9702,4594,75,24.2,0.8,0,100,65.1
2015,South Africa,31357,21402,3379,72.7,24.3,2.9,0.2,100,84
2015,Spain,37573,111643,52223,12.1,62.8,24.1,1,100,67.1
2015,Sri Lanka,14501,5017,2090,88.6,11.2,0.2,0,100,65.9
2015,St. Kitts and Nevis,36,25503,6470,58.8,38.1,2.9,0.2,100,78.1
2015,St. Lucia,122,14450,5382,68.7,29.6,1.6,0,100,72.6
2015,St. Vincent and the Grenadines,72,11339,3825,77.5,21.2,1.2,0,100,74
2015,Sudan,24874,1018,465,99.3,0.7,0,0,100,63.7
2015,Suriname,351,17575,2187,82.5,15.4,2,0.2,100,87.4
2015,Swaziland,653,3749,1107,91.9,7.9,0.2,0,100,73.1
2015,Sweden,7369,311353,57433,15.8,47.4,29.7,7.1,100,80.9
2015,Switzerland,6156,567122,107583,1.7,47.2,40.3,10.8,100,80.3
2015,Syria,13710,1775,818,97.8,2.2,0,0,100,63.2
2015,Taiwan,18449,194701,66423,13.1,46.7,37.9,2.2,100,72.7
2015,Tajikistan,4207,2691,1398,95.6,4.3,0,0,100,62.4
2015,Tanzania,23057,907,430,99.4,0.6,0,0,100,64.4
2015,Thailand,50314,7330,1264,92.3,7.1,0.6,0.1,100,84.8
2015,Togo,3866,2261,845,96.2,3.8,0,0,100,68.3
2015,Tonga,55,14077,5952,62.5,36,1.5,0,100,65.1
2015,Trinidad and Tobago,996,16160,5841,63.8,34.5,1.7,0.1,100,70
2015,Tunisia,7629,18397,6640,60,37.7,2.2,0.1,100,70.7
2015,Turkey,53083,19301,4469,73.5,24.6,1.8,0.1,100,82.1
2015,Turkmenistan,3462,44915,19822,34.1,56.6,9,0.2,100,67.3
2015,Uganda,15979,674,281,99.6,0.4,0,0,100,68
2015,Ukraine,35600,1437,166,99,0.9,0.1,0,100,91.6
2015,United Arab Emirates,3877,144377,59518,15.3,51.1,32.2,1.5,100,70.3
2015,United Kingdom,48696,320368,126472,10,33.9,51.3,4.9,100,67.8
2015,United States,243349,352996,49787,28.1,32.9,32.6,6.4,100,85
2015,Uruguay,2428,39299,8734,54.2,41.4,4.1,0.4,100,82.5
2015,Vanuatu,145,5575,2378,86.3,13.5,0.2,0,100,64.8
2015,Venezuela,19597,6725,1469,92,7.4,0.6,0,100,81.8
2015,Vietnam,63645,5030,2393,87.9,11.9,0.1,0,100,64.3
2015,West Bank and Gaza,2331,5759,2569,85.9,13.9,0.2,0,100,64
2015,Yemen,12903,5370,2595,87.8,12,0.2,0,100,64.3
2015,Zambia,6414,1383,379,97.7,2.2,0,0,100,74.8
2015,Zimbabwe,7111,3650,1509,92.4,7.5,0.1,0,100,68.3
2014,Albania,2253,10309,4578,69.1,30.1,0.9,0,100,66.8
2014,Algeria,24240,10204,4420,73.2,25.9,0.9,0,100,67.6
2014,Angola,9429,14989,4706,69.9,28.3,1.7,0.1,100,75.5
2014,Antigua and Barbuda,64,20403,6879,60,37.5,2.4,0.1,100,74.1
2014,Argentina,28455,10561,2424,83.2,15.7,1,0.1,100,80.9
2014,Armenia,2270,5950,2805,85,14.8,0.2,0,100,64.1
2014,Australia,16719,430777,225337,6.4,23.2,62.9,7.5,100,64
2014,Austria,6778,225565,63741,27,31.4,38.2,3.4,100,77.9
2014,Azerbaijan,6329,21169,10164,49.5,47.8,2.7,0,100,64.6
2014,Bahamas,244,42576,15341,40,53,6.7,0.3,100,72.3
2014,Bahrain,579,48522,23905,32.5,57.5,9.7,0.3,100,66.1
2014,Bangladesh,105324,2017,832,97.1,2.9,0,0,100,67.8
2014,Barbados,200,18200,5877,65,32.6,2.3,0.1,100,75.7
2014,Belarus,7531,2179,1079,97.2,2.8,0,0,100,64.6
2014,Belgium,8405,300850,172947,16.4,19.6,59.7,4.3,100,62.9
2014,Belize,190,10287,2901,81.2,17.6,1.1,0,100,77.3
2014,Benin,4811,3523,1645,93.5,6.3,0.1,0,100,66.5
2014,Bolivia,5876,4880,1571,90.3,9.4,0.3,0,100,74.5
2014,Bosnia and Herzegovina,2987,12336,5630,61.8,37.1,1.1,0,100,66.3
2014,Botswana,1192,10274,2281,80,18.9,1,0.1,100,79.1
2014,Brazil,136399,23415,4772,66.5,30.8,2.5,0.2,100,82.3
2014,Brunei,289,50867,23290,31.3,57.5,10.9,0.3,100,66.3
2014,Bulgaria,5971,19093,8608,54.5,43.2,2.3,0,100,66.6
2014,Burkina Faso,7850,1423,653,98.4,1.6,0,0,100,66.8
2014,Burundi,4789,318,153,99.9,0.1,0,0,100,63.8
2014,Cambodia,9290,2867,1514,94.8,5.1,0.1,0,100,67.3
2014,Cameroon,10599,2876,1217,95.2,4.7,0.1,0,100,67.7
2014,Canada,27343,274543,98756,22.6,27.4,45.8,4.2,100,72.6
2014,Cape Verde,299,18295,4948,68.7,28.7,2.4,0.1,100,78.9
2014,Central African Republic,2399,878,327,99.2,0.8,0,0,100,71.3
2014,Chad,5567,1169,537,98.9,1.1,0,0,100,66.5
2014,Chile,12561,46697,16536,39.2,54.5,5.9,0.4,100,78.9
2014,China,1003456,21330,7033,62.3,35.4,2.2,0.1,100,71.9
2014,Colombia,30771,27275,7855,55.6,40.4,3.9,0.2,100,76.8
2014,Comoros,392,3173,736,94.7,5,0.3,0,100,80.8
2014,Congo Dem. Rep.,32392,339,141,99.9,0.1,0,0,100,68.6
2014,Congo Rep.,2060,4159,1431,91.9,7.8,0.2,0,100,71.7
2014,Costa Rica,3281,27606,8367,54.4,41.9,3.5,0.2,100,76.7
2014,Cote d'Ivoire,11672,3204,1179,94.4,5.5,0.2,0,100,72.1
2014,Croatia,3498,27193,12495,43.2,52.6,4.1,0.1,100,66.1
2014,Cyprus,699,128479,33390,25,56.2,17.2,1.5,100,80.5
2014,Czech Republic,8446,46291,13724,40.2,53.2,6.2,0.4,100,77.4
2014,Denmark,4199,292984,46708,39.5,17,37.8,5.8,100,89.1
2014,Djibouti,514,3651,1522,93.1,6.7,0.2,0,100,67.4
2014,Dominica,50,24987,8512,55,42,2.8,0.2,100,75.5
2014,Ecuador,8812,12326,3718,73.9,24.8,1.3,0.1,100,75.2
2014,Egypt,53248,7319,1835,91,8.4,0.6,0,100,80.7
2014,El Salvador,3774,12638,4314,70.8,27.9,1.3,0,100,72.6
2014,Equatorial Guinea,370,20919,6897,60,37.1,2.7,0.1,100,75.6
2014,Eritrea,2826,2150,852,96.9,3.1,0.1,0,100,68.9
2014,Estonia,1053,40856,17583,37,55,7.8,0.2,100,68.2
2014,Ethiopia,43474,427,232,99.9,0.1,0,0,100,62.4
2014,Fiji,526,6487,2502,83.8,15.8,0.4,0,100,68.8
2014,Finland,4205,196621,88130,29,24,44.5,2.5,100,71.5
2014,France,48234,317292,140638,21.5,22.4,51,5.1,100,69.7
2014,Gabon,881,22413,7731,57.5,39.4,3,0.1,100,74.7
2014,Gambia,922,823,330,99.3,0.7,0,0,100,70
2014,Georgia,3170,21857,9676,51,46.1,2.8,0.1,100,68
2014,Germany,67074,211049,54090,27.9,32.7,36.5,2.9,100,77.1
2014,Ghana,13682,1023,461,99.2,0.8,0,0,100,66.8
2014,Greece,9114,111405,53375,20.4,53.6,25,1,100,68.1
2014,Grenada,68,15127,5262,66.3,32.1,1.6,0.1,100,73.1
2014,Guinea,5389,894,390,99.3,0.6,0,0,100,66.3
2014,Guinea-Bissau,846,463,238,99.8,0.1,0,0,100,64.4
2014,Guyana,476,4104,1426,92.1,7.6,0.3,0,100,72.4
2014,Haiti,5880,3778,989,93.1,6.6,0.3,0,100,77
2014,Hong Kong,6098,163706,31454,29.2,50.5,18.7,1.7,100,84.2
2014,Hungary,7914,30895,15324,39.4,55.6,5,0.1,100,64.7
2014,Iceland,255,362982,164193,13.7,23.7,56.2,6.2,100,68.4
2014,India,775767,4645,1006,94.5,5.1,0.3,0,100,81.4
2014,Indonesia,159141,9742,1800,87.4,11.6,0.9,0.1,100,84
2014,Iran,53727,4162,1753,91.3,8.6,0.1,0,100,67.4
2014,Ireland,3508,209976,79346,20,36.5,40.9,2.6,100,71.6
2014,Israel,4988,169064,51346,23.3,45.4,29.3,1.9,100,77.3
2014,Italy,49163,255880,142296,20,20,56.7,3.2,100,66.1
2014,Jamaica,1730,10146,2883,80,18.9,1,0,100,76.8
2014,Japan,104307,222150,112998,8.6,37.5,51.3,2.6,100,63.4
2014,Jordan,3894,14458,6855,60.8,37.7,1.5,0,100,66.1
2014,Kazakhstan,11001,5854,956,94.6,4.9,0.5,0,100,87.3
2014,Kenya,21055,2052,763,97,3,0.1,0,100,70.7
2014,Korea,38541,95664,34541,23.4,58.4,17.3,0.9,100,74.1
2014,Kuwait,2318,122688,42951,24.1,51.8,22.8,1.3,100,74.8
2014,Kyrgyzstan,3601,5410,2521,86.9,12.9,0.2,0,100,64.6
2014,Laos,3673,5764,2751,86.1,13.7,0.2,0,100,64.3
2014,Latvia,1783,20930,9033,53.1,44.1,2.8,0,100,67.9
2014,Lebanon,2976,30604,6175,64.3,32.4,3,0.3,100,85.8
2014,Lesotho,1087,3455,1155,93.9,5.9,0.2,0,100,73.7
2014,Liberia,2149,1827,828,97.8,2.2,0,0,100,65.9
2014,Libya,4334,32669,6645,59.3,36.2,4.2,0.3,100,82.3
2014,Lithuania,2534,22689,10068,49.6,47.3,3.1,0,100,67.1
2014,Luxembourg,393,340836,156267,16.3,22.5,55.5,5.7,100,70.2
2014,Macedonia,1566,11871,4854,65,33.9,1.1,0,100,69
2014,Madagascar,10537,426,179,99.8,0.2,0,0,100,68.5
2014,Malawi,7547,176,79,100,0,0,0,100,67.2
2014,Malaysia,18589,26795,6509,60.3,36.5,3,0.2,100,80.8
2014,Maldives,213,6307,2862,82.5,17.2,0.3,0,100,64.7
2014,Mali,6553,1056,461,99.1,0.9,0,0,100,66.3
2014,Malta,331,113724,63271,15,53.8,30.3,1,100,60.7
2014,Mauritania,1856,2148,980,97,3,0,0,100,67.1
2014,Mauritius,941,38857,13630,43.7,49.7,6.2,0.3,100,74.1
2014,Mexico,74065,35234,10460,49,45.7,5.1,0.2,100,75.9
2014,Moldova,2689,3734,1601,92.8,7,0.1,0,100,68
2014,Mongolia,1872,14166,7181,60,38.7,1.3,0,100,64.3
2014,Montenegro,468,21567,10437,48.7,48.4,2.8,0,100,65.7
2014,Morocco,21552,12239,3439,80.7,18.1,1.1,0.1,100,79
2014,Mozambique,11580,845,337,99.2,0.8,0,0,100,70.2
2014,Myanmar,34447,2014,1200,97.9,2.1,0,0,100,58.2
2014,Namibia,1273,17472,3246,75.8,21.8,2.2,0.2,100,82.9
2014,Nepal,17525,1982,800,97,3,0,0,100,68.6
2014,Netherlands,12948,210233,93116,22.1,29.5,45.7,2.7,100,72.6
2014,New Zealand,3254,204401,82610,24.7,29.4,43.3,2.7,100,71
2014,Nicaragua,3472,3396,1242,93.7,6.2,0.1,0,100,71.4
2014,Niger,7141,1044,487,99.1,0.9,0,0,100,66.4
2014,Nigeria,81533,3359,829,96,3.8,0.2,0,100,80.3
2014,Norway,3751,358655,86953,20,33.1,40.1,6.8,100,77.8
2014,Oman,1897,49217,15180,41.1,50.7,7.7,0.5,100,76.9
2014,Pakistan,107904,4417,2384,90.7,9.2,0.1,0,100,62.5
2014,Panama,2345,22397,6127,61.4,35.9,2.6,0.1,100,78.3
2014,Papua New Guinea,3805,8029,2677,81.6,17.7,0.7,0,100,72.2
2014,Paraguay,3959,11714,3655,75.8,22.9,1.2,0,100,75.6
2014,Peru,19051,21329,4753,68.1,29.6,2.2,0.2,100,81.7
2014,Philippines,57441,8351,1716,89.5,9.7,0.7,0.1,100,83.5
2014,Poland,30282,27731,9136,52.7,43.6,3.5,0.2,100,74.9
2014,Portugal,8623,98428,41930,25,52.8,21.3,0.9,100,70.4
2014,Qatar,1282,156096,56969,20,45.8,32.2,2,100,72.9
2014,Romania,16664,15442,5439,63,35.4,1.6,0.1,100,73.6
2014,Russia,110091,19586,2360,83.3,15.2,1.4,0.1,100,89.7
2014,Rwanda,5375,722,248,99.3,0.7,0,0,100,72.2
2014,Samoa,92,37516,14404,40,53.4,6.4,0.3,100,69.9
2014,Sao Tome and Principe,87,2976,988,94.8,5.1,0.2,0,100,73.2
2014,Saudi Arabia,16933,38579,12318,45.9,48.3,5.5,0.3,100,77.3
2014,Senegal,6526,2840,1257,95.4,4.6,0.1,0,100,67.3
2014,Serbia,7531,7784,3738,77.8,21.7,0.5,0,100,65.4
2014,Seychelles,55,60962,7778,55,38.1,6.1,0.7,100,88.1
2014,Sierra Leone,2930,700,308,99.6,0.4,0,0,100,66.2
2014,Singapore,3988,289902,109250,18.2,31.1,46.6,4.2,100,72.4
2014,Slovakia,4312,28630,21802,18.8,78.5,2.7,0,100,44.7
2014,Slovenia,1656,71955,50329,18.1,56.2,25.5,0.1,100,53.8
2014,Solomon Islands,303,10314,5061,71.2,27.9,0.8,0,100,65.8
2014,South Africa,31142,22073,4007,68.2,28.9,2.8,0.2,100,81.8
2014,Spain,37332,134824,66752,17,51,30.8,1.2,100,67.1
2014,Sri Lanka,14386,4936,2120,89,10.8,0.2,0,100,66.9
2014,St. Kitts and Nevis,35,24224,7682,55,42.1,2.7,0.2,100,75.4
2014,St. Lucia,120,13625,5123,66.3,32.3,1.5,0,100,70.1
2014,St. Vincent and the Grenadines,72,10677,3680,76.2,22.6,1.1,0,100,74
2014,Sudan,24162,981,472,99.3,0.7,0,0,100,64.2
2014,Suriname,346,15894,4090,72.5,25.5,1.9,0.1,100,79.6
2014,Swaziland,637,4172,1460,92.1,7.6,0.3,0,100,73.5
2014,Sweden,7324,332616,63376,13.1,46.9,33.6,6.4,100,79.4
2014,Switzerland,6120,580686,106887,1.7,46.7,40.8,10.8,100,80.2
2014,Syria,13469,2511,1175,96.1,3.8,0,0,100,64.7
2014,Taiwan,18389,182756,65375,20,40.4,37.5,2.1,100,73.3
2014,Tajikistan,4083,3191,1708,94.5,5.5,0,0,100,62.9
2014,Tanzania,22374,991,493,99.3,0.7,0,0,100,64.5
2014,Thailand,49871,7487,1742,90.9,8.4,0.6,0,100,82.5
2014,Togo,3750,2659,1278,95.9,4,0.1,0,100,65.5
2014,Tonga,55,15734,6443,60,38.1,1.8,0,100,67.9
2014,Trinidad and Tobago,990,15386,5977,63.7,34.5,1.7,0.1,100,71.5
2014,Tunisia,7512,20907,7243,58.9,38.3,2.6,0.1,100,74
2014,Turkey,52153,20347,3999,75.3,22.8,1.8,0.2,100,84.3
2014,Turkmenistan,3390,40625,17995,35,57.5,7.3,0.2,100,66.7
2014,Uganda,15394,789,333,99.4,0.6,0,0,100,68.8
2014,Ukraine,35812,2374,224,98.3,1.5,0.2,0,100,91.9
2014,United Arab Emirates,3810,121021,45965,22.9,50.3,25.6,1.2,100,72
2014,United Kingdom,48381,292621,130590,16.4,26.1,53.3,4.2,100,68.2
2014,United States,240648,347845,53352,28.6,31.9,33.5,5.9,100,84.6
2014,Uruguay,2410,43867,12706,45.8,47.5,6.3,0.4,100,77.7
2014,Vanuatu,140,6023,2757,86.2,13.4,0.3,0,100,67.2
2014,Venezuela,19194,6801,1534,91.1,8.2,0.6,0,100,81.8
2014,Vietnam,62403,4887,2318,88.9,10.9,0.2,0,100,65.2
2014,West Bank and Gaza,2245,12791,6204,64.1,34.7,1.2,0,100,65.5
2014,Yemen,12427,5153,2368,88.6,11.2,0.2,0,100,65.6
2014,Zambia,6236,1570,559,98.1,1.9,0,0,100,71.5
2014,Zimbabwe,6831,3221,665,94.8,4.9,0.3,0,100,81.3
2013,Albania,2237,9450,4451,72.7,26.6,0.7,0,100,65.6
2013,Algeria,23982,10100,4673,70,29.2,0.7,0,100,65.5
2013,Angola,9273,14708,3934,69.1,28.8,2.1,0,100,75.6
2013,Antigua and Barbuda,63,19011,6281,58.8,38.3,3,0,100,72.2
2013,Argentina,28265,15638,4032,72.1,26.1,1.7,0.1,100,79.6
2013,Armenia,2263,5613,2793,85.5,14.3,0.2,0,100,63.9
2013,Australia,16617,402578,219505,6.9,23.7,62.6,6.8,100,63.6
2013,Austria,6761,203931,57450,28.2,31.8,37,3,100,77.8
2013,Azerbaijan,6276,16344,7721,57.1,41.4,1.5,0,100,65.1
2013,Bahamas,242,41106,17842,35,55.9,9,0.1,100,66.2
2013,Bahrain,571,44822,26675,28.7,60,11.2,0,100,58.5
2013,Bangladesh,104135,1894,908,97.9,2.1,0,0,100,64.6
2013,Barbados,200,22289,8108,55,41.5,3.5,0,100,69
2013,Belarus,7543,2407,1271,96.8,3.1,0,0,100,62.2
2013,Belgium,8387,255573,148141,17.4,22.1,57.3,3.2,100,62.6
2013,Belize,188,9998,3130,76.3,22.6,1.1,0,100,73.1
2013,Benin,4733,3187,1398,93.6,6.3,0.1,0,100,67.1
2013,Bolivia,5800,4604,1368,89.3,10.4,0.3,0,100,74.4
2013,Bosnia and Herzegovina,2985,11173,5139,68.2,30.9,0.9,0,100,65.8
2013,Botswana,1181,10348,2649,81,17.6,1.4,0,100,77.2
2013,Brazil,135385,23278,5117,66.6,30.5,2.7,0.2,100,82.1
2013,Brunei Darussalam,286,51373,31527,26.2,58.7,15,0,100,58.5
2013,Bulgaria,5991,16818,8825,55.2,43.4,1.4,0,100,62.5
2013,Burkina Faso,7721,1273,543,98.7,1.3,0,0,100,67.7
2013,Burundi,4729,293,137,99.9,0.1,0,0,100,65.2
2013,Cambodia,9151,2644,1155,95,4.9,0,0,100,67
2013,Cameroon,10459,2603,1115,95.2,4.8,0,0,100,67.2
2013,Canada,27173,251034,90252,30,21.5,44.9,3.7,100,72.7
2013,Cape Verde,295,16313,5478,65,32.5,2.5,0,100,72.3
2013,Central African Republic,2370,800,241,99.1,0.9,0,0,100,74.8
2013,Chad,5485,1131,483,99,1,0,0,100,67.5
2013,Chile,12461,49032,11742,45,48,6.6,0.4,100,81.4
2013,China,998254,22230,8023,58.4,39.1,2.4,0.1,100,69.5
2013,China Taiwan,18359,151752,53336,22.5,45.1,30.8,1.7,100,73.6
2013,Colombia,30464,26222,6228,60.2,35.8,3.9,0.2,100,79.7
2013,Comoros,388,2872,670,93.8,6.1,0.2,0,100,78.7
2013,Congo Dem. Rep.,31854,321,124,99.9,0.1,0,0,100,69.6
2013,Congo Rep.,2024,3892,1420,91.2,8.6,0.1,0,100,70.8
2013,Costa Rica,3246,28124,9532,54.1,40.2,5.7,0.1,100,72.2
2013,Croatia,3498,26551,12639,41.2,54.1,4.7,0,100,65.1
2013,Cyprus,694,119568,34874,23.8,56.3,18.6,1.4,100,78.3
2013,Czech Republic,8437,44975,15541,40,53.2,6.4,0.3,100,74
2013,Cte d'Ivoire,11501,2640,1104,95,4.9,0.1,0,100,68.1
2013,Denmark,4190,255066,57675,39.5,17,37.8,5.7,100,107.7
2013,Djibouti,508,3465,1488,92.8,7.2,0.1,0,100,67.5
2013,Dominica,50,24086,8349,55,40.3,4.7,0.1,100,72
2013,Ecuador,8723,12350,4403,69.8,28.8,1.4,0,100,71.4
2013,Egypt,52710,7285,1852,90.4,9,0.6,0,100,80.3
2013,El Salvador,3738,12039,4483,70,28.7,1.3,0,100,71
2013,Equatorial Guinea,365,19525,9130,55,42.6,2.4,0,100,65.8
2013,Eritrea,2781,2125,875,96.3,3.7,0,0,100,68.9
2013,Estonia,1055,33701,15724,40,53.3,6.6,0.1,100,65.7
2013,Ethiopia,42750,411,207,99.9,0.1,0,0,100,63.6
2013,Fiji,523,6473,2630,85,14.6,0.4,0,100,69
2013,Finland,4195,171821,95095,29,22.3,47.2,1.6,100,66.4
2013,France,48124,295933,141850,21.7,22.9,50.8,4.6,100,69
2013,Gabon,869,21860,9240,55,41.3,3.7,0,100,68.2
2013,Gambia,908,864,324,99.2,0.8,0,0,100,70.8
2013,Georgia,3172,21640,9178,54.7,41.8,3.5,0,100,68
2013,Germany,67068,192232,49370,29,33.3,35.1,2.6,100,77.1
2013,Ghana,13501,1811,743,97.7,2.3,0,0,100,68.6
2013,Greece,9105,102971,53937,20.4,53.7,25.1,0.8,100,65.9
2013,Grenada,67,14473,5017,67.5,30.7,1.7,0,100,71.9
2013,Guinea,5301,882,380,99.4,0.6,0,0,100,67.3
2013,Guinea-Bissau,836,424,199,99.9,0.1,0,0,100,65.7
2013,Guyana,474,3801,1506,91.6,8.3,0.1,0,100,69.2
2013,Haiti,5813,3532,960,92.3,7.5,0.2,0,100,76.1
2013,Hong Kong SAR China,6052,153312,32384,30.3,49.7,18.3,1.7,100,83.1
2013,Hungary,7915,28379,14068,40,55,4.9,0,100,64
2013,Iceland,253,211592,104733,20,30,47.3,2.7,100,67.3
2013,India,767612,4706,1040,94.4,5.2,0.3,0,100,81.3
2013,Indonesia,157869,11839,2393,81.1,17.6,1.3,0.1,100,82.8
2013,Iran,53270,8727,3846,75,24.4,0.6,0,100,66.8
2013,Ireland,3488,183804,75573,20.9,36.5,40.4,2.2,100,70.9
2013,Israel,4947,137351,38164,30,44.8,23.7,1.5,100,78.7
2013,Italy,49117,241383,138653,20,20.5,56.5,3,100,65
2013,Jamaica,1719,11401,4393,70,28.8,1.2,0,100,69.9
2013,Japan,104315,216694,110294,9.2,37.7,50.6,2.5,100,63.5
2013,Jordan,3858,14364,6589,60.3,38.3,1.4,0,100,65.9
2013,Kazakhstan,10958,7161,1176,93.1,6.3,0.6,0.1,100,86.7
2013,Kenya,20757,2843,1049,94.2,5.7,0.1,0,100,70.9
2013,Korea Rep.,38350,79475,30938,25.3,59.5,14.5,0.7,100,72.6
2013,Kuwait,2291,119101,42897,21.8,55.5,21.5,1.2,100,73.8
2013,Kyrgyz Republic,3568,5385,2432,85.9,13.9,0.2,0,100,65.9
2013,Lao PDR,3618,5393,2411,86.7,13.1,0.2,0,100,66.5
2013,Latvia,1787,24285,11338,45,50.9,4,0,100,66
2013,Lebanon,2953,30868,6076,66.8,29.8,3.2,0.3,100,86.3
2013,Lesotho,1079,3457,1105,92.4,7.5,0.1,0,100,72.9
2013,Liberia,2118,2173,987,96.5,3.5,0,0,100,66.7
2013,Libya,4291,28397,6563,58.1,35.7,6,0.1,100,77.7
2013,Lithuania,2537,23411,10635,47.5,48.5,3.9,0,100,66.5
2013,Luxembourg,390,315240,182768,15,22.5,57,5.5,100,65.7
2013,Macedonia FYR,1561,11543,4743,69.3,29.6,1.1,0,100,68.8
2013,Madagascar,10359,448,177,99.8,0.2,0,0,100,69.4
2013,Malawi,7417,207,89,100,0,0,0,100,67.3
2013,Malaysia,18382,27007,5831,61.4,35.3,3.1,0.2,100,81.5
2013,Maldives,210,5556,2480,85,14.8,0.2,0,100,66.3
2013,Mali,6464,955,455,99.4,0.6,0,0,100,64.7
2013,Malta,330,71448,42898,18.8,65,15.9,0.3,100,59.5
2013,Mauritania,1832,1967,865,97,3,0,0,100,67.7
2013,Mauritius,935,37308,19247,40,52.5,7.4,0.1,100,64.5
2013,Mexico,73380,35872,9718,53.5,40.6,5.7,0.3,100,78
2013,Moldova,2692,3854,1874,91.8,8.1,0.1,0,100,64.7
2013,Mongolia,1855,14214,6433,61.1,37.6,1.3,0,100,66.1
2013,Montenegro,467,21340,10929,45,52.6,2.4,0,100,63.4
2013,Morocco,21355,11398,4750,70,28.9,1.1,0,100,68.1
2013,Mozambique,11441,811,313,99.3,0.7,0,0,100,70
2013,Myanmar,34180,2214,941,97,3,0,0,100,66.4
2013,Namibia,1256,19899,4531,67.5,28.3,4.2,0.1,100,78.7
2013,Nepal,17273,1998,951,97.7,2.3,0,0,100,64.7
2013,Netherlands,12914,185588,83631,23.3,30.9,43.6,2.2,100,73.2
2013,New Zealand,3234,182548,76607,25.6,34.1,38.1,2.3,100,71.8
2013,Nicaragua,3424,3432,1147,92.5,7.3,0.1,0,100,73
2013,Niger,7014,937,434,99.3,0.7,0,0,100,65.5
2013,Nigeria,80462,3620,894,94.9,4.9,0.3,0,100,80
2013,Norway,3733,380473,92859,19.4,32.5,40.6,7.5,100,77.8
2013,Oman,1872,48415,18152,40,47.8,12,0.2,100,70.8
2013,Pakistan,106365,4248,2106,90.8,9,0.1,0,100,63.8
2013,Panama,2322,22292,7509,57.3,38.5,4.2,0,100,72.7
2013,Papua New Guinea,3752,8470,2821,81.1,18,0.8,0,100,72.4
2013,Paraguay,3910,10934,3726,73.2,25.6,1.3,0,100,72.8
2013,Peru,18865,18227,6705,58.5,38.9,2.6,0,100,70.8
2013,Philippines,56730,8799,1849,88.1,11.1,0.8,0.1,100,82.9
2013,Poland,30255,26056,9109,55,41.5,3.3,0.1,100,73.7
2013,Portugal,8614,89074,38846,25.8,54.8,18.7,0.8,100,70.1
2013,Qatar,1278,153294,58237,25,38.3,35,1.7,100,70.5
2013,Romania,16692,14044,5137,69.3,29.2,1.4,0.1,100,73
2013,Russian Federation,110365,10976,871,93.7,5.6,0.6,0.1,100,93.1
2013,Rwanda,5306,723,245,99.3,0.7,0,0,100,72.7
2013,Samoa,92,34537,15132,40,53,6.9,0.1,100,67
2013,Sao Tome and Principe,86,2721,959,94.3,5.7,0.1,0,100,72.7
2013,Saudi Arabia,16694,37346,9772,53.3,41.1,5.3,0.3,100,79.3
2013,Senegal,6423,2597,1125,95.3,4.7,0,0,100,67.2
2013,Serbia,7527,15175,7978,56.8,42,1.3,0,100,62.5
2013,Seychelles,54,60003,14617,40,50,9.2,0.8,100,79.6
2013,Sierra Leone,2897,681,273,99.6,0.4,0,0,100,68.8
2013,Singapore,3955,281764,90466,20,34.2,41.4,4.4,100,73.9
2013,Slovakia,4303,27224,20740,19.8,77.8,2.4,0,100,44.7
2013,Slovenia,1655,64067,44932,19.4,60.6,19.9,0.1,100,53.5
2013,Solomon Islands,298,9868,4261,73.8,25.3,1,0,100,68.1
2013,South Africa,31034,19613,3051,72.3,24.9,2.6,0.1,100,83.6
2013,Spain,37206,123997,63306,17.4,52.4,29,1.1,100,66.1
2013,Sri Lanka,14326,5033,2101,87.9,11.9,0.2,0,100,68
2013,St. Kitts and Nevis,34,23613,8185,56.3,39.1,4.6,0.1,100,71.9
2013,St. Lucia,119,13087,5296,66.3,32.5,1.2,0,100,68.5
2013,St. Vincent and the Grenadines,71,10196,3492,73.8,25.1,1.1,0,100,71.9
2013,Sudan,23811,1291,595,98.9,1.1,0,0,100,65.4
2013,Suriname,344,14250,4544,68.8,29.6,1.6,0,100,73
2013,Swaziland,628,4360,1393,90,9.8,0.2,0,100,72.7
2013,Sweden,7299,299441,52677,15.6,48.3,29.2,6.9,100,80.3
2013,Switzerland,6101,512562,95916,5.2,46,38.8,10,100,80.6
2013,Syrian Arab Republic,13352,7073,3198,82.7,16.9,0.4,0,100,66
2013,Tajikistan,4022,3168,1581,94.3,5.7,0.1,0,100,63.8
2013,Tanzania,22038,951,423,99.3,0.7,0,0,100,66.6
2013,Thailand,49642,7772,1855,90.5,8.8,0.6,0,100,82.6
2013,Togo,3693,2450,1049,95.6,4.3,0,0,100,67.9
2013,Tonga,54,15905,7217,58.8,39.8,1.5,0,100,67.2
2013,Trinidad and Tobago,987,15088,6459,60,38.5,1.5,0,100,67.4
2013,Tunisia,7452,21084,8823,55,41.5,3.5,0,100,68.2
2013,Turkey,51687,25909,5326,67,30.3,2.5,0.2,100,83.7
2013,Turkmenistan,3352,36570,15305,40,52.1,7.8,0.1,100,68
2013,Uganda,15107,750,294,99.4,0.6,0,0,100,69.6
2013,Ukraine,35912,3413,419,97.4,2.3,0.2,0,100,90
2013,United Arab Emirates,3777,126791,51882,20,50.6,28.2,1.3,100,70.5
2013,United Kingdom,48220,243570,111524,18,28.8,50,3.2,100,67.7
2013,United States of America,239279,301140,44911,30.7,33,30.7,5.5,100,85.1
2013,Uruguay,2400,47002,17998,39.6,48.3,11.9,0.2,100,69.8
2013,Vanuatu,138,6068,2753,85,14.7,0.3,0,100,67.1
2013,Venezuela,18991,6900,1505,90.9,8.5,0.6,0,100,82.5
2013,Viet Nam,61765,4857,2215,87.8,12,0.2,0,100,65.8
2013,West Bank and Gaza,1739,8979,4200,73.1,26.3,0.6,0,100,65.8
2013,Yemen Rep.,12192,4951,2193,88.3,11.6,0.2,0,100,66.8
2013,Zambia,6151,1817,548,96.8,3.2,0,0,100,74.1
2013,Zimbabwe,6690,2913,479,93.9,5.8,0.3,0,100,83.8
2012,Albania,2204,9689,4863,72.3,27,0.7,0,100,65.7
2012,Algeria,23438,10305,5040,71.2,28,0.8,0,100,65.6
2012,Argentina,27884,17629,4993,69.4,28.5,2,0.1,100,78.2
2012,Armenia,2244,5587,2969,87.7,12.1,0.2,0,100,63.9
2012,Australia,16412,354986,193653,8.8,24.8,60.9,5.5,100,63.6
2012,Austria,6725,178724,81649,20,38.8,39.2,2,100,69.3
2012,Azerbaijan,6161,14360,7248,61.8,36.8,1.3,0,100,65.2
2012,Bahamas,237,39425,18150,40,51.5,8.4,0.1,100,66.4
2012,Bahrain,556,44324,25092,25,65.1,9.8,0.1,100,59.1
2012,Bangladesh,101751,1719,883,98.5,1.5,0,0,100,64.7
2012,Barbados,198,17131,7004,60,38.5,1.5,0,100,69.1
2012,Belarus,7561,2356,1331,97,3,0,0,100,62.4
2012,Belgium,8350,233764,119937,20,27.6,49.2,3.2,100,65.5
2012,Belize,182,9720,366,95.3,4,0.7,0.1,100,96.2
2012,Benin,4581,2670,1230,95,4.9,0,0,100,67.2
2012,Bolivia,5652,4302,1342,90.3,9.4,0.3,0,100,74.5
2012,Bosnia and Herzegovina,2980,10579,5072,70.4,28.8,0.8,0,100,65.9
2012,Botswana,1159,11066,3095,77,21.5,1.5,0,100,77
2012,Brazil,133355,24600,5852,64.8,31.9,3.1,0.2,100,81.2
2012,Brunei Darussalam,278,48995,28686,25,63.8,11.2,0.1,100,59.1
2012,Bulgaria,6026,14873,8334,57.2,41.6,1.2,0,100,62.6
2012,Burkina Faso,7472,1124,506,98.9,1.1,0,0,100,67.8
2012,Burundi,4605,283,141,100,0.1,0,0,100,65.3
2012,Cambodia,8867,2406,1118,95.6,4.3,0,0,100,67.1
2012,Cameroon,10178,2514,1135,95.4,4.5,0,0,100,67.3
2012,Canada,26822,227660,81610,30,23.8,43.1,3.1,100,72.8
2012,Cape Verde,286,15041,5499,67.5,30.4,2.1,0,100,72.4
2012,Central African Republic,2314,747,233,99.2,0.8,0,0,100,74.9
2012,Chad,5326,1057,473,99.1,0.9,0,0,100,67.6
2012,Chile,12255,44198,13073,42.1,50.5,7,0.3,100,77.4
2012,China,987184,20452,7536,60.2,37.5,2.1,0.1,100,68.9
2012,China Taiwan,18298,131124,45451,25,47.4,26.2,1.4,100,74.9
2012,Colombia,29847,25064,6380,61.8,34.1,3.9,0.2,100,78.8
2012,Comoros,378,2729,676,94.1,5.7,0.1,0,100,78.7
2012,Congo Dem. Rep.,30811,299,121,99.9,0.1,0,0,100,69.6
2012,Congo Rep.,1956,3654,1391,91.9,8,0.1,0,100,71
2012,Costa Rica,3176,26034,9190,53,41.8,5.2,0.1,100,72.3
2012,Croatia,3497,25149,12783,45.3,50.4,4.3,0,100,65.2
2012,Cyprus,683,112741,40535,25,53.8,20,1.3,100,75.3
2012,Czech Republic,8413,40259,14820,42.5,51.4,5.8,0.3,100,74.3
2012,Cte d'Ivoire,11169,2313,1009,95.9,4,0,0,100,68.2
2012,Denmark,4171,214396,87121,20,34.8,42.5,2.8,100,70.1
2012,Djibouti,494,3263,1506,93.4,6.5,0.1,0,100,67.6
2012,Dominica,49,23254,8518,55,40.5,4.5,0.1,100,72.1
2012,Ecuador,8548,11552,4243,71.7,27,1.3,0,100,71.5
2012,Egypt,51619,8214,2219,88.3,11,0.7,0,100,80.4
2012,El Salvador,3670,11390,4361,71.7,27.1,1.2,0,100,71.1
2012,Equatorial Guinea,355,17355,8583,56.3,42.1,1.6,0,100,65.8
2012,Eritrea,2691,1859,790,97.4,2.6,0,0,100,69
2012,Estonia,1057,27440,13801,45,50,4.9,0,100,66
2012,Ethiopia,41342,372,201,99.9,0.1,0,0,100,63.7
2012,Fiji,516,5993,2609,87.5,12.1,0.3,0,100,69.1
2012,Finland,4173,145693,73487,20,42.8,35.9,1.4,100,66.2
2012,France,47896,265463,81274,17,37.5,40.7,4.8,100,75.5
2012,Gabon,844,20121,8845,55,41.9,3.1,0,100,68.3
2012,Gambia,882,1007,387,99,1,0,0,100,70.8
2012,Georgia,3174,19774,5519,68,29.6,2.3,0.1,100,79
2012,Germany,67031,174526,42222,32,31,34.9,2.2,100,77.7
2012,Ghana,13144,2009,857,96.9,3,0,0,100,68.7
2012,Greece,9085,90359,35714,25,52.4,21.8,0.8,100,71.4
2012,Grenada,66,13864,5078,68.8,29.6,1.6,0,100,72
2012,Guinea,5132,862,390,99.4,0.6,0,0,100,67.4
2012,Guinea-Bissau,816,400,200,99.9,0.1,0,0,100,65.8
2012,Guyana,472,3528,1516,92.5,7.4,0.1,0,100,69.3
2012,Hong Kong SAR China,5959,144109,29617,30,48.4,20,1.6,100,83.6
2012,Hungary,7913,23328,12364,45.1,51.2,3.6,0,100,64.1
2012,Iceland,249,193946,95685,20,31.3,46.5,2.3,100,66.3
2012,India,751287,4250,938,95.1,4.6,0.3,0,100,81.3
2012,Indonesia,155294,10842,2293,82.3,16.4,1.2,0.1,100,82
2012,Iran,52257,8705,4042,72.5,26.9,0.6,0,100,66.9
2012,Ireland,3447,152563,60953,22.4,45.9,30.1,1.7,100,72.7
2012,Israel,4865,129526,37019,27.5,46.5,24.6,1.4,100,78.3
2012,Italy,48998,212910,123710,20.8,22.3,54.5,2.4,100,64.6
2012,Jamaica,1696,12246,4902,70,28.7,1.3,0,100,70
2012,Japan,104303,269708,141410,4.3,33.2,59.1,3.4,100,59.6
2012,Jordan,3785,14606,7109,62.2,36.4,1.4,0,100,65.9
2012,Kazakhstan,10857,7689,1679,90.7,8.6,0.7,0.1,100,83.8
2012,Kenya,20172,1866,715,96.9,3.1,0,0,100,71
2012,Korea Rep.,37955,69646,27080,27.4,60,12.1,0.5,100,72.6
2012,Kuwait,2239,115612,40346,19.1,59.1,20.6,1.2,100,73.7
2012,Kyrgyz Republic,3499,5150,2493,87.9,11.9,0.2,0,100,66
2012,Lao PDR,3511,4218,2018,90.7,9.2,0.1,0,100,66.6
2012,Latvia,1793,19886,9673,52.5,45.1,2.4,0,100,66.1
2012,Lebanon,2905,33173,7146,62.9,33.4,3.4,0.3,100,85.7
2012,Lesotho,1063,3916,1344,91,8.8,0.2,0,100,72.8
2012,Liberia,2056,1915,910,97.6,2.4,0,0,100,66.8
2012,Libya,4206,18249,4347,68.8,27.5,3.6,0.1,100,77.7
2012,Lithuania,2542,22059,10437,47.9,48.6,3.5,0,100,66.6
2012,Luxembourg,385,277119,153967,12.5,28.8,54.3,4.5,100,62.3
2012,Macedonia FYR,1552,10370,4391,72.1,26.9,0.9,0,100,68.9
2012,Madagascar,10014,444,183,99.8,0.2,0,0,100,69.4
2012,Malawi,7172,412,188,99.9,0.1,0,0,100,67.4
2012,Malaysia,17965,26829,6195,63.4,33.2,3.2,0.2,100,81.4
2012,Maldives,204,5365,2521,87.5,12.3,0.2,0,100,66.4
2012,Mali,6288,905,458,99.4,0.6,0,0,100,64.8
2012,Malta,327,61619,31810,30,52.5,17.2,0.3,100,66.4
2012,Mauritania,1784,2132,956,96.5,3.5,0,0,100,67.8
2012,Mauritius,923,38026,20813,40,52.3,7.7,0.1,100,64.6
2012,Mexico,71999,29870,8394,55.2,40,4.6,0.2,100,78
2012,Moldova,2694,3785,1944,92.1,7.8,0.1,0,100,64.8
2012,Mongolia,1817,12008,5755,67.8,31.2,1.1,0,100,66.2
2012,Montenegro,467,20522,11149,47.5,50.3,2.2,0,100,63.5
2012,Morocco,20953,11088,3007,80.6,18.3,1.1,0.1,100,79.6
2012,Mozambique,11172,805,325,99.3,0.7,0,0,100,70.2
2012,Namibia,1222,23586,5542,65,29.9,5,0.1,100,78.8
2012,Nepal,16780,1979,1006,97.8,2.2,0,0,100,64.8
2012,Netherlands,12844,173910,61880,22.1,40.2,35.1,2.5,100,81.2
2012,New Zealand,3194,156428,63000,28.7,37,32.5,1.8,100,72.5
2012,Nicaragua,3329,3435,1183,92.5,7.3,0.1,0,100,73
2012,Niger,6772,742,368,99.6,0.4,0,0,100,65.7
2012,Norway,3695,325989,79376,20,35.3,38.5,6.2,100,77.9
2012,Oman,1821,46436,17984,41.1,48.3,10.3,0.2,100,70.8
2012,Pakistan,103302,4139,2203,91.2,8.7,0.1,0,100,63.9
2012,Panama,2276,21870,7568,57.7,38.1,4.1,0.1,100,72.7
2012,Papua New Guinea,3648,7963,2753,80.6,18.7,0.7,0,100,72.5
2012,Paraguay,3812,9721,3417,75,23.9,1.1,0,100,72.8
2012,Peru,18496,17590,5064,68,29.8,2,0.1,100,77.4
2012,Philippines,55315,8152,1972,87.4,11.9,0.7,0,100,81
2012,Poland,30182,22229,7604,60,37.2,2.7,0.1,100,75.3
2012,Portugal,8593,77402,28832,27.5,54.5,17.3,0.6,100,72.5
2012,Qatar,1263,145596,57027,25,40.8,32.7,1.5,100,70.6
2012,Romania,16743,17164,6536,65.3,32.7,1.9,0.1,100,73.1
2012,Russian Federation,110813,12161,1267,91.2,8,0.8,0.1,100,91.4
2012,Rwanda,5166,721,258,99.3,0.7,0,0,100,72.7
2012,Saudi Arabia,16218,36752,9850,50.9,43.9,5,0.3,100,79.2
2012,Senegal,6222,2465,1122,95.6,4.3,0,0,100,67.3
2012,Serbia,7515,13861,7785,60,38.9,1.1,0,100,62.6
2012,Seychelles,53,53179,13775,45,45,9.4,0.6,100,79.7
2012,Sierra Leone,2833,537,227,99.7,0.3,0,0,100,68.9
2012,Singapore,3885,258117,95542,20,32.1,43.9,4,100,72.4
2012,Slovakia,4281,25092,14389,42.6,53.5,3.8,0,100,62.1
2012,Slovenia,1651,58140,30835,27.5,58.8,13.5,0.2,100,63.9
2012,Solomon Islands,289,8912,3954,75,24.2,0.8,0,100,68.3
2012,South Africa,30800,21458,3822,70.5,26.1,3.3,0.1,100,82.6
2012,Spain,36936,104773,53292,18.7,57.4,23,0.8,100,66.2
2012,Sri Lanka,14194,4651,2054,89.8,10,0.2,0,100,68.1
2012,St. Kitts and Nevis,33,23260,41,97.9,1.5,0.4,0.2,100,99.7
2012,St. Lucia,116,12534,5448,68.8,30,1.3,0,100,68.6
2012,St. Vincent and the Grenadines,71,9769,3570,72.5,26.5,1,0,100,71.9
2012,Sudan,23127,2529,1245,95.8,4.2,0,0,100,65.5
2012,Suriname,340,12783,4320,71.3,27.3,1.5,0,100,73
2012,Swaziland,612,5214,1777,87.5,12.2,0.3,0,100,72.7
2012,Sweden,7245,237297,41367,19.4,48.6,27.2,4.7,100,80.6
2012,Switzerland,6062,468186,87137,6.3,46.8,37.6,9.3,100,80.6
2012,Syrian Arab Republic,13106,6917,3334,81.2,18.5,0.4,0,100,66.1
2012,Tajikistan,3898,2973,1583,94.8,5.1,0.1,0,100,63.8
2012,Tanzania,21383,859,404,99.4,0.6,0,0,100,66.7
2012,Thailand,49163,7415,2166,89.4,10,0.6,0,100,79
2012,Togo,3581,2104,935,96.7,3.2,0,0,100,68
2012,Tonga,54,15461,7339,61.3,37.3,1.5,0,100,67.3
2012,Trinidad and Tobago,981,14145,6567,63.8,34.9,1.4,0,100,67.5
2012,Tunisia,7324,20583,8999,53.9,42.9,3.2,0,100,68.3
2012,Turkey,50754,21947,4471,72.2,25.5,2.1,0.2,100,84.2
2012,Uganda,14556,677,279,99.5,0.5,0,0,100,69.7
2012,Ukraine,36084,3251,462,97.3,2.4,0.2,0,100,89.2
2012,United Arab Emirates,3713,120363,47998,16.7,55.8,26.3,1.2,100,69.9
2012,United Kingdom,47883,250005,115245,17.4,28.4,50.9,3.3,100,67.5
2012,United States of America,236502,262351,38786,31.9,34.8,28.6,4.7,100,85.2
2012,Uruguay,2382,44986,17907,40.5,49.1,10.3,0.2,100,69.8
2012,Vanuatu,134,5633,2674,87.5,12.2,0.3,0,100,67.3
2012,Venezuela,18584,9932,2617,82.2,16.8,0.9,0.1,100,79.6
2012,Viet Nam,60431,4652,2257,89.6,10.3,0.2,0,100,65.9
2012,West Bank and Gaza,1738,8856,4320,72.5,26.9,0.6,0,100,65.9
2012,Yemen Rep.,11732,4731,2228,89.7,10.1,0.2,0,100,66.9
2012,Zambia,5991,1742,539,97,3,0,0,100,74.1
2012,Zimbabwe,6420,2343,397,95.1,4.8,0.2,0,100,83.8